"date_id","label"
"2018-07-17-0930_1",1
"2018-07-17-0930_10",0
"2018-07-17-0930_11",0
"2018-07-17-0930_12",0
"2018-07-17-0930_13",0
"2018-07-17-0930_14",0
"2018-07-17-0930_15",0
"2018-07-17-0930_16",0
"2018-07-17-0930_17",0
"2018-07-17-0930_18",0
"2018-07-17-0930_19",0
"2018-07-17-0930_2",1
"2018-07-17-0930_20",0
"2018-07-17-0930_21",1
"2018-07-17-0930_22",1
"2018-07-17-0930_23",0
"2018-07-17-0930_24",1
"2018-07-17-0930_25",0
"2018-07-17-0930_26",0
"2018-07-17-0930_27",1
"2018-07-17-0930_28",0
"2018-07-17-0930_29",0
"2018-07-17-0930_3",0
"2018-07-17-0930_30",0
"2018-07-17-0930_31",0
"2018-07-17-0930_32",0
"2018-07-17-0930_33",0
"2018-07-17-0930_34",0
"2018-07-17-0930_35",0
"2018-07-17-0930_36",0
"2018-07-17-0930_4",0
"2018-07-17-0930_5",1
"2018-07-17-0930_6",0
"2018-07-17-0930_7",0
"2018-07-17-0930_8",1
"2018-07-17-0930_9",0
"2018-07-17-0935_1",0
"2018-07-17-0935_10",0
"2018-07-17-0935_11",0
"2018-07-17-0935_12",0
"2018-07-17-0935_13",0
"2018-07-17-0935_14",0
"2018-07-17-0935_15",0
"2018-07-17-0935_16",0
"2018-07-17-0935_17",0
"2018-07-17-0935_18",0
"2018-07-17-0935_19",0
"2018-07-17-0935_2",1
"2018-07-17-0935_20",0
"2018-07-17-0935_21",1
"2018-07-17-0935_22",1
"2018-07-17-0935_23",0
"2018-07-17-0935_24",0
"2018-07-17-0935_25",0
"2018-07-17-0935_26",0
"2018-07-17-0935_27",1
"2018-07-17-0935_28",0
"2018-07-17-0935_29",0
"2018-07-17-0935_3",1
"2018-07-17-0935_30",0
"2018-07-17-0935_31",0
"2018-07-17-0935_32",0
"2018-07-17-0935_33",0
"2018-07-17-0935_34",0
"2018-07-17-0935_35",0
"2018-07-17-0935_36",0
"2018-07-17-0935_4",0
"2018-07-17-0935_5",1
"2018-07-17-0935_6",0
"2018-07-17-0935_7",0
"2018-07-17-0935_8",1
"2018-07-17-0935_9",0
"2018-07-17-0940_1",0
"2018-07-17-0940_10",0
"2018-07-17-0940_11",0
"2018-07-17-0940_12",0
"2018-07-17-0940_13",0
"2018-07-17-0940_14",0
"2018-07-17-0940_15",0
"2018-07-17-0940_16",0
"2018-07-17-0940_17",0
"2018-07-17-0940_18",0
"2018-07-17-0940_19",0
"2018-07-17-0940_2",1
"2018-07-17-0940_20",0
"2018-07-17-0940_21",1
"2018-07-17-0940_22",0
"2018-07-17-0940_23",0
"2018-07-17-0940_24",0
"2018-07-17-0940_25",0
"2018-07-17-0940_26",0
"2018-07-17-0940_27",1
"2018-07-17-0940_28",0
"2018-07-17-0940_29",0
"2018-07-17-0940_3",1
"2018-07-17-0940_30",1
"2018-07-17-0940_31",0
"2018-07-17-0940_32",0
"2018-07-17-0940_33",0
"2018-07-17-0940_34",0
"2018-07-17-0940_35",0
"2018-07-17-0940_36",0
"2018-07-17-0940_4",0
"2018-07-17-0940_5",0
"2018-07-17-0940_6",0
"2018-07-17-0940_7",0
"2018-07-17-0940_8",1
"2018-07-17-0940_9",0
"2018-07-17-0945_1",1
"2018-07-17-0945_10",0
"2018-07-17-0945_11",0
"2018-07-17-0945_12",0
"2018-07-17-0945_13",0
"2018-07-17-0945_14",0
"2018-07-17-0945_15",0
"2018-07-17-0945_16",0
"2018-07-17-0945_17",0
"2018-07-17-0945_18",0
"2018-07-17-0945_19",0
"2018-07-17-0945_2",1
"2018-07-17-0945_20",0
"2018-07-17-0945_21",1
"2018-07-17-0945_22",1
"2018-07-17-0945_23",0
"2018-07-17-0945_24",0
"2018-07-17-0945_25",0
"2018-07-17-0945_26",0
"2018-07-17-0945_27",1
"2018-07-17-0945_28",0
"2018-07-17-0945_29",0
"2018-07-17-0945_3",1
"2018-07-17-0945_30",1
"2018-07-17-0945_31",0
"2018-07-17-0945_32",0
"2018-07-17-0945_33",0
"2018-07-17-0945_34",0
"2018-07-17-0945_35",0
"2018-07-17-0945_36",1
"2018-07-17-0945_4",0
"2018-07-17-0945_5",1
"2018-07-17-0945_6",1
"2018-07-17-0945_7",0
"2018-07-17-0945_8",1
"2018-07-17-0945_9",0
"2018-07-17-0950_1",0
"2018-07-17-0950_10",0
"2018-07-17-0950_11",0
"2018-07-17-0950_12",0
"2018-07-17-0950_13",0
"2018-07-17-0950_14",0
"2018-07-17-0950_15",0
"2018-07-17-0950_16",0
"2018-07-17-0950_17",0
"2018-07-17-0950_18",0
"2018-07-17-0950_19",0
"2018-07-17-0950_2",1
"2018-07-17-0950_20",0
"2018-07-17-0950_21",1
"2018-07-17-0950_22",1
"2018-07-17-0950_23",0
"2018-07-17-0950_24",0
"2018-07-17-0950_25",0
"2018-07-17-0950_26",0
"2018-07-17-0950_27",1
"2018-07-17-0950_28",0
"2018-07-17-0950_29",0
"2018-07-17-0950_3",1
"2018-07-17-0950_30",1
"2018-07-17-0950_31",0
"2018-07-17-0950_32",0
"2018-07-17-0950_33",0
"2018-07-17-0950_34",0
"2018-07-17-0950_35",0
"2018-07-17-0950_36",1
"2018-07-17-0950_4",0
"2018-07-17-0950_5",1
"2018-07-17-0950_6",1
"2018-07-17-0950_7",0
"2018-07-17-0950_8",1
"2018-07-17-0950_9",0
"2018-07-17-0955_1",1
"2018-07-17-0955_10",0
"2018-07-17-0955_11",0
"2018-07-17-0955_12",0
"2018-07-17-0955_13",0
"2018-07-17-0955_14",0
"2018-07-17-0955_15",0
"2018-07-17-0955_16",0
"2018-07-17-0955_17",0
"2018-07-17-0955_18",0
"2018-07-17-0955_19",0
"2018-07-17-0955_2",0
"2018-07-17-0955_20",0
"2018-07-17-0955_21",1
"2018-07-17-0955_22",1
"2018-07-17-0955_23",0
"2018-07-17-0955_24",0
"2018-07-17-0955_25",0
"2018-07-17-0955_26",0
"2018-07-17-0955_27",1
"2018-07-17-0955_28",0
"2018-07-17-0955_29",0
"2018-07-17-0955_3",1
"2018-07-17-0955_30",0
"2018-07-17-0955_31",0
"2018-07-17-0955_32",0
"2018-07-17-0955_33",0
"2018-07-17-0955_34",0
"2018-07-17-0955_35",0
"2018-07-17-0955_36",1
"2018-07-17-0955_4",0
"2018-07-17-0955_5",1
"2018-07-17-0955_6",1
"2018-07-17-0955_7",0
"2018-07-17-0955_8",1
"2018-07-17-0955_9",0
"2018-07-17-1000_1",1
"2018-07-17-1000_10",0
"2018-07-17-1000_11",0
"2018-07-17-1000_12",0
"2018-07-17-1000_13",0
"2018-07-17-1000_14",0
"2018-07-17-1000_15",0
"2018-07-17-1000_16",0
"2018-07-17-1000_17",0
"2018-07-17-1000_18",0
"2018-07-17-1000_19",0
"2018-07-17-1000_2",1
"2018-07-17-1000_20",0
"2018-07-17-1000_21",1
"2018-07-17-1000_22",0
"2018-07-17-1000_23",0
"2018-07-17-1000_24",0
"2018-07-17-1000_25",0
"2018-07-17-1000_26",0
"2018-07-17-1000_27",1
"2018-07-17-1000_28",0
"2018-07-17-1000_29",0
"2018-07-17-1000_3",1
"2018-07-17-1000_30",0
"2018-07-17-1000_31",0
"2018-07-17-1000_32",0
"2018-07-17-1000_33",0
"2018-07-17-1000_34",1
"2018-07-17-1000_35",0
"2018-07-17-1000_36",1
"2018-07-17-1000_4",0
"2018-07-17-1000_5",1
"2018-07-17-1000_6",1
"2018-07-17-1000_7",0
"2018-07-17-1000_8",1
"2018-07-17-1000_9",0
"2018-07-17-1005_1",1
"2018-07-17-1005_10",0
"2018-07-17-1005_11",0
"2018-07-17-1005_12",0
"2018-07-17-1005_13",0
"2018-07-17-1005_14",0
"2018-07-17-1005_15",0
"2018-07-17-1005_16",0
"2018-07-17-1005_17",0
"2018-07-17-1005_18",0
"2018-07-17-1005_19",0
"2018-07-17-1005_2",1
"2018-07-17-1005_20",0
"2018-07-17-1005_21",1
"2018-07-17-1005_22",0
"2018-07-17-1005_23",0
"2018-07-17-1005_24",0
"2018-07-17-1005_25",0
"2018-07-17-1005_26",0
"2018-07-17-1005_27",1
"2018-07-17-1005_28",0
"2018-07-17-1005_29",0
"2018-07-17-1005_3",1
"2018-07-17-1005_30",0
"2018-07-17-1005_31",0
"2018-07-17-1005_32",0
"2018-07-17-1005_33",0
"2018-07-17-1005_34",0
"2018-07-17-1005_35",0
"2018-07-17-1005_36",1
"2018-07-17-1005_4",0
"2018-07-17-1005_5",1
"2018-07-17-1005_6",1
"2018-07-17-1005_7",0
"2018-07-17-1005_8",1
"2018-07-17-1005_9",0
"2018-07-17-1010_1",1
"2018-07-17-1010_10",0
"2018-07-17-1010_11",0
"2018-07-17-1010_12",0
"2018-07-17-1010_13",0
"2018-07-17-1010_14",0
"2018-07-17-1010_15",0
"2018-07-17-1010_16",0
"2018-07-17-1010_17",0
"2018-07-17-1010_18",0
"2018-07-17-1010_19",0
"2018-07-17-1010_2",0
"2018-07-17-1010_20",0
"2018-07-17-1010_21",1
"2018-07-17-1010_22",1
"2018-07-17-1010_23",0
"2018-07-17-1010_24",0
"2018-07-17-1010_25",0
"2018-07-17-1010_26",0
"2018-07-17-1010_27",1
"2018-07-17-1010_28",0
"2018-07-17-1010_29",0
"2018-07-17-1010_3",1
"2018-07-17-1010_30",0
"2018-07-17-1010_31",0
"2018-07-17-1010_32",0
"2018-07-17-1010_33",0
"2018-07-17-1010_34",1
"2018-07-17-1010_35",0
"2018-07-17-1010_36",1
"2018-07-17-1010_4",0
"2018-07-17-1010_5",1
"2018-07-17-1010_6",1
"2018-07-17-1010_7",1
"2018-07-17-1010_8",1
"2018-07-17-1010_9",0
"2018-07-17-1015_1",1
"2018-07-17-1015_10",0
"2018-07-17-1015_11",0
"2018-07-17-1015_12",0
"2018-07-17-1015_13",0
"2018-07-17-1015_14",0
"2018-07-17-1015_15",0
"2018-07-17-1015_16",0
"2018-07-17-1015_17",0
"2018-07-17-1015_18",0
"2018-07-17-1015_19",0
"2018-07-17-1015_2",1
"2018-07-17-1015_20",0
"2018-07-17-1015_21",1
"2018-07-17-1015_22",1
"2018-07-17-1015_23",1
"2018-07-17-1015_24",0
"2018-07-17-1015_25",0
"2018-07-17-1015_26",0
"2018-07-17-1015_27",1
"2018-07-17-1015_28",0
"2018-07-17-1015_29",0
"2018-07-17-1015_3",1
"2018-07-17-1015_30",0
"2018-07-17-1015_31",0
"2018-07-17-1015_32",0
"2018-07-17-1015_33",0
"2018-07-17-1015_34",0
"2018-07-17-1015_35",0
"2018-07-17-1015_36",1
"2018-07-17-1015_4",0
"2018-07-17-1015_5",1
"2018-07-17-1015_6",1
"2018-07-17-1015_7",1
"2018-07-17-1015_8",1
"2018-07-17-1015_9",0
"2018-07-17-1020_1",1
"2018-07-17-1020_10",0
"2018-07-17-1020_11",0
"2018-07-17-1020_12",0
"2018-07-17-1020_13",0
"2018-07-17-1020_14",0
"2018-07-17-1020_15",0
"2018-07-17-1020_16",0
"2018-07-17-1020_17",0
"2018-07-17-1020_18",0
"2018-07-17-1020_19",0
"2018-07-17-1020_2",1
"2018-07-17-1020_20",0
"2018-07-17-1020_21",1
"2018-07-17-1020_22",0
"2018-07-17-1020_23",1
"2018-07-17-1020_24",0
"2018-07-17-1020_25",0
"2018-07-17-1020_26",0
"2018-07-17-1020_27",1
"2018-07-17-1020_28",0
"2018-07-17-1020_29",0
"2018-07-17-1020_3",1
"2018-07-17-1020_30",0
"2018-07-17-1020_31",0
"2018-07-17-1020_32",0
"2018-07-17-1020_33",0
"2018-07-17-1020_34",1
"2018-07-17-1020_35",0
"2018-07-17-1020_36",0
"2018-07-17-1020_4",0
"2018-07-17-1020_5",0
"2018-07-17-1020_6",1
"2018-07-17-1020_7",1
"2018-07-17-1020_8",1
"2018-07-17-1020_9",0
"2018-07-17-1025_1",1
"2018-07-17-1025_10",0
"2018-07-17-1025_11",0
"2018-07-17-1025_12",0
"2018-07-17-1025_13",0
"2018-07-17-1025_14",0
"2018-07-17-1025_15",0
"2018-07-17-1025_16",0
"2018-07-17-1025_17",0
"2018-07-17-1025_18",0
"2018-07-17-1025_19",0
"2018-07-17-1025_2",1
"2018-07-17-1025_20",0
"2018-07-17-1025_21",0
"2018-07-17-1025_22",0
"2018-07-17-1025_23",1
"2018-07-17-1025_24",0
"2018-07-17-1025_25",0
"2018-07-17-1025_26",0
"2018-07-17-1025_27",1
"2018-07-17-1025_28",0
"2018-07-17-1025_29",0
"2018-07-17-1025_3",1
"2018-07-17-1025_30",0
"2018-07-17-1025_31",1
"2018-07-17-1025_32",0
"2018-07-17-1025_33",0
"2018-07-17-1025_34",1
"2018-07-17-1025_35",0
"2018-07-17-1025_36",1
"2018-07-17-1025_4",0
"2018-07-17-1025_5",1
"2018-07-17-1025_6",1
"2018-07-17-1025_7",1
"2018-07-17-1025_8",1
"2018-07-17-1025_9",0
"2018-07-17-1030_1",1
"2018-07-17-1030_10",0
"2018-07-17-1030_11",0
"2018-07-17-1030_12",0
"2018-07-17-1030_13",0
"2018-07-17-1030_14",0
"2018-07-17-1030_15",0
"2018-07-17-1030_16",0
"2018-07-17-1030_17",0
"2018-07-17-1030_18",0
"2018-07-17-1030_19",0
"2018-07-17-1030_2",0
"2018-07-17-1030_20",0
"2018-07-17-1030_21",1
"2018-07-17-1030_22",1
"2018-07-17-1030_23",1
"2018-07-17-1030_24",0
"2018-07-17-1030_25",0
"2018-07-17-1030_26",0
"2018-07-17-1030_27",1
"2018-07-17-1030_28",0
"2018-07-17-1030_29",0
"2018-07-17-1030_3",1
"2018-07-17-1030_30",0
"2018-07-17-1030_31",1
"2018-07-17-1030_32",0
"2018-07-17-1030_33",0
"2018-07-17-1030_34",0
"2018-07-17-1030_35",0
"2018-07-17-1030_36",0
"2018-07-17-1030_4",0
"2018-07-17-1030_5",1
"2018-07-17-1030_6",1
"2018-07-17-1030_7",1
"2018-07-17-1030_8",1
"2018-07-17-1030_9",0
"2018-07-17-1035_1",1
"2018-07-17-1035_10",0
"2018-07-17-1035_11",0
"2018-07-17-1035_12",0
"2018-07-17-1035_13",0
"2018-07-17-1035_14",0
"2018-07-17-1035_15",0
"2018-07-17-1035_16",0
"2018-07-17-1035_17",0
"2018-07-17-1035_18",0
"2018-07-17-1035_19",0
"2018-07-17-1035_2",1
"2018-07-17-1035_20",0
"2018-07-17-1035_21",1
"2018-07-17-1035_22",1
"2018-07-17-1035_23",1
"2018-07-17-1035_24",0
"2018-07-17-1035_25",0
"2018-07-17-1035_26",0
"2018-07-17-1035_27",1
"2018-07-17-1035_28",0
"2018-07-17-1035_29",0
"2018-07-17-1035_3",1
"2018-07-17-1035_30",0
"2018-07-17-1035_31",1
"2018-07-17-1035_32",0
"2018-07-17-1035_33",0
"2018-07-17-1035_34",0
"2018-07-17-1035_35",0
"2018-07-17-1035_36",1
"2018-07-17-1035_4",0
"2018-07-17-1035_5",1
"2018-07-17-1035_6",1
"2018-07-17-1035_7",1
"2018-07-17-1035_8",1
"2018-07-17-1035_9",0
"2018-07-17-1040_1",1
"2018-07-17-1040_10",0
"2018-07-17-1040_11",0
"2018-07-17-1040_12",0
"2018-07-17-1040_13",0
"2018-07-17-1040_14",0
"2018-07-17-1040_15",0
"2018-07-17-1040_16",0
"2018-07-17-1040_17",0
"2018-07-17-1040_18",0
"2018-07-17-1040_19",0
"2018-07-17-1040_2",1
"2018-07-17-1040_20",0
"2018-07-17-1040_21",1
"2018-07-17-1040_22",1
"2018-07-17-1040_23",1
"2018-07-17-1040_24",0
"2018-07-17-1040_25",0
"2018-07-17-1040_26",0
"2018-07-17-1040_27",1
"2018-07-17-1040_28",0
"2018-07-17-1040_29",0
"2018-07-17-1040_3",1
"2018-07-17-1040_30",0
"2018-07-17-1040_31",1
"2018-07-17-1040_32",0
"2018-07-17-1040_33",0
"2018-07-17-1040_34",1
"2018-07-17-1040_35",0
"2018-07-17-1040_36",1
"2018-07-17-1040_4",0
"2018-07-17-1040_5",1
"2018-07-17-1040_6",1
"2018-07-17-1040_7",1
"2018-07-17-1040_8",1
"2018-07-17-1040_9",0
"2018-07-17-1045_1",1
"2018-07-17-1045_10",0
"2018-07-17-1045_11",0
"2018-07-17-1045_12",0
"2018-07-17-1045_13",0
"2018-07-17-1045_14",0
"2018-07-17-1045_15",0
"2018-07-17-1045_16",0
"2018-07-17-1045_17",0
"2018-07-17-1045_18",0
"2018-07-17-1045_19",0
"2018-07-17-1045_2",1
"2018-07-17-1045_20",0
"2018-07-17-1045_21",1
"2018-07-17-1045_22",1
"2018-07-17-1045_23",1
"2018-07-17-1045_24",1
"2018-07-17-1045_25",0
"2018-07-17-1045_26",0
"2018-07-17-1045_27",1
"2018-07-17-1045_28",0
"2018-07-17-1045_29",0
"2018-07-17-1045_3",1
"2018-07-17-1045_30",0
"2018-07-17-1045_31",1
"2018-07-17-1045_32",0
"2018-07-17-1045_33",0
"2018-07-17-1045_34",1
"2018-07-17-1045_35",0
"2018-07-17-1045_36",1
"2018-07-17-1045_4",0
"2018-07-17-1045_5",1
"2018-07-17-1045_6",1
"2018-07-17-1045_7",1
"2018-07-17-1045_8",0
"2018-07-17-1045_9",0
"2018-07-17-1050_1",1
"2018-07-17-1050_10",0
"2018-07-17-1050_11",0
"2018-07-17-1050_12",0
"2018-07-17-1050_13",0
"2018-07-17-1050_14",0
"2018-07-17-1050_15",0
"2018-07-17-1050_16",0
"2018-07-17-1050_17",0
"2018-07-17-1050_18",0
"2018-07-17-1050_19",0
"2018-07-17-1050_2",1
"2018-07-17-1050_20",0
"2018-07-17-1050_21",1
"2018-07-17-1050_22",1
"2018-07-17-1050_23",1
"2018-07-17-1050_24",0
"2018-07-17-1050_25",0
"2018-07-17-1050_26",0
"2018-07-17-1050_27",1
"2018-07-17-1050_28",0
"2018-07-17-1050_29",0
"2018-07-17-1050_3",1
"2018-07-17-1050_30",0
"2018-07-17-1050_31",1
"2018-07-17-1050_32",0
"2018-07-17-1050_33",0
"2018-07-17-1050_34",1
"2018-07-17-1050_35",0
"2018-07-17-1050_36",1
"2018-07-17-1050_4",0
"2018-07-17-1050_5",1
"2018-07-17-1050_6",1
"2018-07-17-1050_7",1
"2018-07-17-1050_8",1
"2018-07-17-1050_9",0
"2018-07-17-1055_1",1
"2018-07-17-1055_10",0
"2018-07-17-1055_11",0
"2018-07-17-1055_12",0
"2018-07-17-1055_13",0
"2018-07-17-1055_14",0
"2018-07-17-1055_15",0
"2018-07-17-1055_16",0
"2018-07-17-1055_17",0
"2018-07-17-1055_18",0
"2018-07-17-1055_19",0
"2018-07-17-1055_2",1
"2018-07-17-1055_20",0
"2018-07-17-1055_21",1
"2018-07-17-1055_22",1
"2018-07-17-1055_23",1
"2018-07-17-1055_24",0
"2018-07-17-1055_25",0
"2018-07-17-1055_26",0
"2018-07-17-1055_27",1
"2018-07-17-1055_28",0
"2018-07-17-1055_29",0
"2018-07-17-1055_3",1
"2018-07-17-1055_30",0
"2018-07-17-1055_31",1
"2018-07-17-1055_32",1
"2018-07-17-1055_33",0
"2018-07-17-1055_34",1
"2018-07-17-1055_35",0
"2018-07-17-1055_36",1
"2018-07-17-1055_4",1
"2018-07-17-1055_5",1
"2018-07-17-1055_6",1
"2018-07-17-1055_7",1
"2018-07-17-1055_8",1
"2018-07-17-1055_9",0
"2018-07-17-1100_1",1
"2018-07-17-1100_10",0
"2018-07-17-1100_11",0
"2018-07-17-1100_12",0
"2018-07-17-1100_13",0
"2018-07-17-1100_14",0
"2018-07-17-1100_15",0
"2018-07-17-1100_16",0
"2018-07-17-1100_17",0
"2018-07-17-1100_18",0
"2018-07-17-1100_19",0
"2018-07-17-1100_2",1
"2018-07-17-1100_20",0
"2018-07-17-1100_21",1
"2018-07-17-1100_22",1
"2018-07-17-1100_23",1
"2018-07-17-1100_24",0
"2018-07-17-1100_25",0
"2018-07-17-1100_26",0
"2018-07-17-1100_27",1
"2018-07-17-1100_28",0
"2018-07-17-1100_29",0
"2018-07-17-1100_3",1
"2018-07-17-1100_30",0
"2018-07-17-1100_31",1
"2018-07-17-1100_32",1
"2018-07-17-1100_33",0
"2018-07-17-1100_34",1
"2018-07-17-1100_35",0
"2018-07-17-1100_36",1
"2018-07-17-1100_4",1
"2018-07-17-1100_5",1
"2018-07-17-1100_6",1
"2018-07-17-1100_7",1
"2018-07-17-1100_8",1
"2018-07-17-1100_9",0
"2018-07-17-1105_1",1
"2018-07-17-1105_10",0
"2018-07-17-1105_11",0
"2018-07-17-1105_12",0
"2018-07-17-1105_13",0
"2018-07-17-1105_14",0
"2018-07-17-1105_15",0
"2018-07-17-1105_16",0
"2018-07-17-1105_17",1
"2018-07-17-1105_18",0
"2018-07-17-1105_19",0
"2018-07-17-1105_2",1
"2018-07-17-1105_20",0
"2018-07-17-1105_21",1
"2018-07-17-1105_22",1
"2018-07-17-1105_23",1
"2018-07-17-1105_24",0
"2018-07-17-1105_25",0
"2018-07-17-1105_26",0
"2018-07-17-1105_27",1
"2018-07-17-1105_28",0
"2018-07-17-1105_29",0
"2018-07-17-1105_3",0
"2018-07-17-1105_30",0
"2018-07-17-1105_31",1
"2018-07-17-1105_32",1
"2018-07-17-1105_33",0
"2018-07-17-1105_34",1
"2018-07-17-1105_35",0
"2018-07-17-1105_36",0
"2018-07-17-1105_4",1
"2018-07-17-1105_5",1
"2018-07-17-1105_6",1
"2018-07-17-1105_7",1
"2018-07-17-1105_8",1
"2018-07-17-1105_9",0
"2018-07-17-1110_1",1
"2018-07-17-1110_10",0
"2018-07-17-1110_11",0
"2018-07-17-1110_12",0
"2018-07-17-1110_13",0
"2018-07-17-1110_14",0
"2018-07-17-1110_15",0
"2018-07-17-1110_16",0
"2018-07-17-1110_17",0
"2018-07-17-1110_18",0
"2018-07-17-1110_19",0
"2018-07-17-1110_2",1
"2018-07-17-1110_20",0
"2018-07-17-1110_21",1
"2018-07-17-1110_22",1
"2018-07-17-1110_23",1
"2018-07-17-1110_24",0
"2018-07-17-1110_25",0
"2018-07-17-1110_26",0
"2018-07-17-1110_27",1
"2018-07-17-1110_28",0
"2018-07-17-1110_29",0
"2018-07-17-1110_3",1
"2018-07-17-1110_30",0
"2018-07-17-1110_31",1
"2018-07-17-1110_32",1
"2018-07-17-1110_33",0
"2018-07-17-1110_34",1
"2018-07-17-1110_35",0
"2018-07-17-1110_36",1
"2018-07-17-1110_4",1
"2018-07-17-1110_5",1
"2018-07-17-1110_6",1
"2018-07-17-1110_7",1
"2018-07-17-1110_8",0
"2018-07-17-1110_9",0
"2018-07-17-1115_1",1
"2018-07-17-1115_10",0
"2018-07-17-1115_11",0
"2018-07-17-1115_12",0
"2018-07-17-1115_13",0
"2018-07-17-1115_14",0
"2018-07-17-1115_15",0
"2018-07-17-1115_16",0
"2018-07-17-1115_17",0
"2018-07-17-1115_18",0
"2018-07-17-1115_19",0
"2018-07-17-1115_2",1
"2018-07-17-1115_20",0
"2018-07-17-1115_21",1
"2018-07-17-1115_22",1
"2018-07-17-1115_23",1
"2018-07-17-1115_24",0
"2018-07-17-1115_25",0
"2018-07-17-1115_26",0
"2018-07-17-1115_27",1
"2018-07-17-1115_28",0
"2018-07-17-1115_29",1
"2018-07-17-1115_3",1
"2018-07-17-1115_30",0
"2018-07-17-1115_31",1
"2018-07-17-1115_32",1
"2018-07-17-1115_33",0
"2018-07-17-1115_34",1
"2018-07-17-1115_35",0
"2018-07-17-1115_36",1
"2018-07-17-1115_4",1
"2018-07-17-1115_5",1
"2018-07-17-1115_6",1
"2018-07-17-1115_7",1
"2018-07-17-1115_8",0
"2018-07-17-1115_9",0
"2018-07-17-1120_1",1
"2018-07-17-1120_10",0
"2018-07-17-1120_11",0
"2018-07-17-1120_12",0
"2018-07-17-1120_13",0
"2018-07-17-1120_14",0
"2018-07-17-1120_15",0
"2018-07-17-1120_16",0
"2018-07-17-1120_17",0
"2018-07-17-1120_18",0
"2018-07-17-1120_19",0
"2018-07-17-1120_2",1
"2018-07-17-1120_20",0
"2018-07-17-1120_21",1
"2018-07-17-1120_22",1
"2018-07-17-1120_23",1
"2018-07-17-1120_24",0
"2018-07-17-1120_25",0
"2018-07-17-1120_26",0
"2018-07-17-1120_27",1
"2018-07-17-1120_28",0
"2018-07-17-1120_29",1
"2018-07-17-1120_3",1
"2018-07-17-1120_30",0
"2018-07-17-1120_31",1
"2018-07-17-1120_32",1
"2018-07-17-1120_33",0
"2018-07-17-1120_34",1
"2018-07-17-1120_35",0
"2018-07-17-1120_36",1
"2018-07-17-1120_4",1
"2018-07-17-1120_5",1
"2018-07-17-1120_6",1
"2018-07-17-1120_7",1
"2018-07-17-1120_8",1
"2018-07-17-1120_9",0
"2018-07-17-1125_1",1
"2018-07-17-1125_10",0
"2018-07-17-1125_11",0
"2018-07-17-1125_12",0
"2018-07-17-1125_13",0
"2018-07-17-1125_14",0
"2018-07-17-1125_15",0
"2018-07-17-1125_16",0
"2018-07-17-1125_17",0
"2018-07-17-1125_18",0
"2018-07-17-1125_19",0
"2018-07-17-1125_2",1
"2018-07-17-1125_20",0
"2018-07-17-1125_21",1
"2018-07-17-1125_22",1
"2018-07-17-1125_23",1
"2018-07-17-1125_24",0
"2018-07-17-1125_25",0
"2018-07-17-1125_26",0
"2018-07-17-1125_27",1
"2018-07-17-1125_28",0
"2018-07-17-1125_29",1
"2018-07-17-1125_3",1
"2018-07-17-1125_30",0
"2018-07-17-1125_31",1
"2018-07-17-1125_32",1
"2018-07-17-1125_33",1
"2018-07-17-1125_34",1
"2018-07-17-1125_35",0
"2018-07-17-1125_36",1
"2018-07-17-1125_4",1
"2018-07-17-1125_5",1
"2018-07-17-1125_6",1
"2018-07-17-1125_7",1
"2018-07-17-1125_8",1
"2018-07-17-1125_9",0
"2018-07-17-1130_1",1
"2018-07-17-1130_10",0
"2018-07-17-1130_11",0
"2018-07-17-1130_12",0
"2018-07-17-1130_13",0
"2018-07-17-1130_14",0
"2018-07-17-1130_15",0
"2018-07-17-1130_16",0
"2018-07-17-1130_17",0
"2018-07-17-1130_18",0
"2018-07-17-1130_19",0
"2018-07-17-1130_2",1
"2018-07-17-1130_20",0
"2018-07-17-1130_21",1
"2018-07-17-1130_22",1
"2018-07-17-1130_23",1
"2018-07-17-1130_24",0
"2018-07-17-1130_25",0
"2018-07-17-1130_26",0
"2018-07-17-1130_27",1
"2018-07-17-1130_28",0
"2018-07-17-1130_29",1
"2018-07-17-1130_3",1
"2018-07-17-1130_30",0
"2018-07-17-1130_31",1
"2018-07-17-1130_32",1
"2018-07-17-1130_33",1
"2018-07-17-1130_34",1
"2018-07-17-1130_35",0
"2018-07-17-1130_36",1
"2018-07-17-1130_4",0
"2018-07-17-1130_5",1
"2018-07-17-1130_6",1
"2018-07-17-1130_7",1
"2018-07-17-1130_8",0
"2018-07-17-1130_9",0
"2018-07-17-1135_1",1
"2018-07-17-1135_10",0
"2018-07-17-1135_11",0
"2018-07-17-1135_12",0
"2018-07-17-1135_13",0
"2018-07-17-1135_14",0
"2018-07-17-1135_15",0
"2018-07-17-1135_16",0
"2018-07-17-1135_17",0
"2018-07-17-1135_18",0
"2018-07-17-1135_19",0
"2018-07-17-1135_2",1
"2018-07-17-1135_20",0
"2018-07-17-1135_21",1
"2018-07-17-1135_22",1
"2018-07-17-1135_23",1
"2018-07-17-1135_24",0
"2018-07-17-1135_25",0
"2018-07-17-1135_26",0
"2018-07-17-1135_27",1
"2018-07-17-1135_28",0
"2018-07-17-1135_29",1
"2018-07-17-1135_3",1
"2018-07-17-1135_30",0
"2018-07-17-1135_31",1
"2018-07-17-1135_32",1
"2018-07-17-1135_33",1
"2018-07-17-1135_34",1
"2018-07-17-1135_35",0
"2018-07-17-1135_36",0
"2018-07-17-1135_4",0
"2018-07-17-1135_5",1
"2018-07-17-1135_6",1
"2018-07-17-1135_7",1
"2018-07-17-1135_8",1
"2018-07-17-1135_9",0
"2018-07-17-1140_1",1
"2018-07-17-1140_10",0
"2018-07-17-1140_11",0
"2018-07-17-1140_12",0
"2018-07-17-1140_13",0
"2018-07-17-1140_14",0
"2018-07-17-1140_15",0
"2018-07-17-1140_16",0
"2018-07-17-1140_17",0
"2018-07-17-1140_18",0
"2018-07-17-1140_19",0
"2018-07-17-1140_2",0
"2018-07-17-1140_20",0
"2018-07-17-1140_21",1
"2018-07-17-1140_22",1
"2018-07-17-1140_23",1
"2018-07-17-1140_24",0
"2018-07-17-1140_25",0
"2018-07-17-1140_26",0
"2018-07-17-1140_27",1
"2018-07-17-1140_28",0
"2018-07-17-1140_29",0
"2018-07-17-1140_3",1
"2018-07-17-1140_30",0
"2018-07-17-1140_31",1
"2018-07-17-1140_32",1
"2018-07-17-1140_33",1
"2018-07-17-1140_34",1
"2018-07-17-1140_35",0
"2018-07-17-1140_36",1
"2018-07-17-1140_4",0
"2018-07-17-1140_5",1
"2018-07-17-1140_6",1
"2018-07-17-1140_7",1
"2018-07-17-1140_8",1
"2018-07-17-1140_9",0
"2018-07-17-1145_1",1
"2018-07-17-1145_10",0
"2018-07-17-1145_11",0
"2018-07-17-1145_12",0
"2018-07-17-1145_13",0
"2018-07-17-1145_14",0
"2018-07-17-1145_15",0
"2018-07-17-1145_16",0
"2018-07-17-1145_17",0
"2018-07-17-1145_18",0
"2018-07-17-1145_19",0
"2018-07-17-1145_2",1
"2018-07-17-1145_20",0
"2018-07-17-1145_21",1
"2018-07-17-1145_22",1
"2018-07-17-1145_23",1
"2018-07-17-1145_24",0
"2018-07-17-1145_25",0
"2018-07-17-1145_26",0
"2018-07-17-1145_27",1
"2018-07-17-1145_28",0
"2018-07-17-1145_29",0
"2018-07-17-1145_3",1
"2018-07-17-1145_30",0
"2018-07-17-1145_31",1
"2018-07-17-1145_32",1
"2018-07-17-1145_33",1
"2018-07-17-1145_34",0
"2018-07-17-1145_35",1
"2018-07-17-1145_36",1
"2018-07-17-1145_4",0
"2018-07-17-1145_5",1
"2018-07-17-1145_6",1
"2018-07-17-1145_7",1
"2018-07-17-1145_8",0
"2018-07-17-1145_9",0
"2018-07-17-1150_1",1
"2018-07-17-1150_10",0
"2018-07-17-1150_11",0
"2018-07-17-1150_12",0
"2018-07-17-1150_13",0
"2018-07-17-1150_14",0
"2018-07-17-1150_15",0
"2018-07-17-1150_16",0
"2018-07-17-1150_17",0
"2018-07-17-1150_18",0
"2018-07-17-1150_19",0
"2018-07-17-1150_2",1
"2018-07-17-1150_20",0
"2018-07-17-1150_21",1
"2018-07-17-1150_22",1
"2018-07-17-1150_23",1
"2018-07-17-1150_24",1
"2018-07-17-1150_25",0
"2018-07-17-1150_26",0
"2018-07-17-1150_27",1
"2018-07-17-1150_28",0
"2018-07-17-1150_29",0
"2018-07-17-1150_3",1
"2018-07-17-1150_30",0
"2018-07-17-1150_31",1
"2018-07-17-1150_32",0
"2018-07-17-1150_33",0
"2018-07-17-1150_34",1
"2018-07-17-1150_35",0
"2018-07-17-1150_36",1
"2018-07-17-1150_4",0
"2018-07-17-1150_5",1
"2018-07-17-1150_6",1
"2018-07-17-1150_7",0
"2018-07-17-1150_8",1
"2018-07-17-1150_9",0
"2018-07-17-1155_1",1
"2018-07-17-1155_10",0
"2018-07-17-1155_11",0
"2018-07-17-1155_12",0
"2018-07-17-1155_13",0
"2018-07-17-1155_14",0
"2018-07-17-1155_15",0
"2018-07-17-1155_16",0
"2018-07-17-1155_17",0
"2018-07-17-1155_18",0
"2018-07-17-1155_19",0
"2018-07-17-1155_2",0
"2018-07-17-1155_20",0
"2018-07-17-1155_21",1
"2018-07-17-1155_22",1
"2018-07-17-1155_23",1
"2018-07-17-1155_24",0
"2018-07-17-1155_25",0
"2018-07-17-1155_26",0
"2018-07-17-1155_27",1
"2018-07-17-1155_28",0
"2018-07-17-1155_29",0
"2018-07-17-1155_3",1
"2018-07-17-1155_30",0
"2018-07-17-1155_31",1
"2018-07-17-1155_32",1
"2018-07-17-1155_33",0
"2018-07-17-1155_34",1
"2018-07-17-1155_35",0
"2018-07-17-1155_36",1
"2018-07-17-1155_4",0
"2018-07-17-1155_5",1
"2018-07-17-1155_6",1
"2018-07-17-1155_7",1
"2018-07-17-1155_8",1
"2018-07-17-1155_9",0
"2018-07-17-1200_1",1
"2018-07-17-1200_10",0
"2018-07-17-1200_11",0
"2018-07-17-1200_12",0
"2018-07-17-1200_13",0
"2018-07-17-1200_14",0
"2018-07-17-1200_15",0
"2018-07-17-1200_16",0
"2018-07-17-1200_17",0
"2018-07-17-1200_18",0
"2018-07-17-1200_19",0
"2018-07-17-1200_2",1
"2018-07-17-1200_20",0
"2018-07-17-1200_21",1
"2018-07-17-1200_22",1
"2018-07-17-1200_23",1
"2018-07-17-1200_24",0
"2018-07-17-1200_25",0
"2018-07-17-1200_26",0
"2018-07-17-1200_27",1
"2018-07-17-1200_28",0
"2018-07-17-1200_29",0
"2018-07-17-1200_3",1
"2018-07-17-1200_30",0
"2018-07-17-1200_31",1
"2018-07-17-1200_32",1
"2018-07-17-1200_33",0
"2018-07-17-1200_34",1
"2018-07-17-1200_35",0
"2018-07-17-1200_36",1
"2018-07-17-1200_4",0
"2018-07-17-1200_5",1
"2018-07-17-1200_6",1
"2018-07-17-1200_7",1
"2018-07-17-1200_8",1
"2018-07-17-1200_9",0
"2018-07-17-1205_1",1
"2018-07-17-1205_10",0
"2018-07-17-1205_11",0
"2018-07-17-1205_12",0
"2018-07-17-1205_13",0
"2018-07-17-1205_14",0
"2018-07-17-1205_15",0
"2018-07-17-1205_16",0
"2018-07-17-1205_17",0
"2018-07-17-1205_18",0
"2018-07-17-1205_19",0
"2018-07-17-1205_2",1
"2018-07-17-1205_20",0
"2018-07-17-1205_21",1
"2018-07-17-1205_22",1
"2018-07-17-1205_23",1
"2018-07-17-1205_24",0
"2018-07-17-1205_25",0
"2018-07-17-1205_26",0
"2018-07-17-1205_27",1
"2018-07-17-1205_28",0
"2018-07-17-1205_29",0
"2018-07-17-1205_3",1
"2018-07-17-1205_30",0
"2018-07-17-1205_31",1
"2018-07-17-1205_32",1
"2018-07-17-1205_33",0
"2018-07-17-1205_34",1
"2018-07-17-1205_35",0
"2018-07-17-1205_36",1
"2018-07-17-1205_4",0
"2018-07-17-1205_5",1
"2018-07-17-1205_6",1
"2018-07-17-1205_7",1
"2018-07-17-1205_8",1
"2018-07-17-1205_9",0
"2018-07-17-1210_1",1
"2018-07-17-1210_10",0
"2018-07-17-1210_11",0
"2018-07-17-1210_12",0
"2018-07-17-1210_13",0
"2018-07-17-1210_14",0
"2018-07-17-1210_15",0
"2018-07-17-1210_16",0
"2018-07-17-1210_17",0
"2018-07-17-1210_18",0
"2018-07-17-1210_19",0
"2018-07-17-1210_2",1
"2018-07-17-1210_20",0
"2018-07-17-1210_21",1
"2018-07-17-1210_22",1
"2018-07-17-1210_23",1
"2018-07-17-1210_24",0
"2018-07-17-1210_25",0
"2018-07-17-1210_26",0
"2018-07-17-1210_27",1
"2018-07-17-1210_28",0
"2018-07-17-1210_29",0
"2018-07-17-1210_3",1
"2018-07-17-1210_30",0
"2018-07-17-1210_31",1
"2018-07-17-1210_32",1
"2018-07-17-1210_33",0
"2018-07-17-1210_34",1
"2018-07-17-1210_35",0
"2018-07-17-1210_36",1
"2018-07-17-1210_4",0
"2018-07-17-1210_5",1
"2018-07-17-1210_6",1
"2018-07-17-1210_7",1
"2018-07-17-1210_8",1
"2018-07-17-1210_9",0
"2018-07-17-1215_1",0
"2018-07-17-1215_10",0
"2018-07-17-1215_11",0
"2018-07-17-1215_12",0
"2018-07-17-1215_13",0
"2018-07-17-1215_14",0
"2018-07-17-1215_15",0
"2018-07-17-1215_16",0
"2018-07-17-1215_17",0
"2018-07-17-1215_18",0
"2018-07-17-1215_19",0
"2018-07-17-1215_2",1
"2018-07-17-1215_20",0
"2018-07-17-1215_21",0
"2018-07-17-1215_22",0
"2018-07-17-1215_23",1
"2018-07-17-1215_24",1
"2018-07-17-1215_25",0
"2018-07-17-1215_26",0
"2018-07-17-1215_27",1
"2018-07-17-1215_28",0
"2018-07-17-1215_29",0
"2018-07-17-1215_3",1
"2018-07-17-1215_30",0
"2018-07-17-1215_31",1
"2018-07-17-1215_32",1
"2018-07-17-1215_33",0
"2018-07-17-1215_34",1
"2018-07-17-1215_35",0
"2018-07-17-1215_36",1
"2018-07-17-1215_4",0
"2018-07-17-1215_5",1
"2018-07-17-1215_6",1
"2018-07-17-1215_7",1
"2018-07-17-1215_8",1
"2018-07-17-1215_9",0
"2018-07-17-1220_1",0
"2018-07-17-1220_10",0
"2018-07-17-1220_11",0
"2018-07-17-1220_12",0
"2018-07-17-1220_13",0
"2018-07-17-1220_14",0
"2018-07-17-1220_15",0
"2018-07-17-1220_16",0
"2018-07-17-1220_17",0
"2018-07-17-1220_18",0
"2018-07-17-1220_19",0
"2018-07-17-1220_2",0
"2018-07-17-1220_20",0
"2018-07-17-1220_21",0
"2018-07-17-1220_22",0
"2018-07-17-1220_23",1
"2018-07-17-1220_24",0
"2018-07-17-1220_25",0
"2018-07-17-1220_26",0
"2018-07-17-1220_27",1
"2018-07-17-1220_28",0
"2018-07-17-1220_29",0
"2018-07-17-1220_3",1
"2018-07-17-1220_30",0
"2018-07-17-1220_31",1
"2018-07-17-1220_32",1
"2018-07-17-1220_33",0
"2018-07-17-1220_34",1
"2018-07-17-1220_35",0
"2018-07-17-1220_36",1
"2018-07-17-1220_4",0
"2018-07-17-1220_5",1
"2018-07-17-1220_6",1
"2018-07-17-1220_7",1
"2018-07-17-1220_8",1
"2018-07-17-1220_9",0
"2018-07-17-1225_1",1
"2018-07-17-1225_10",0
"2018-07-17-1225_11",0
"2018-07-17-1225_12",0
"2018-07-17-1225_13",0
"2018-07-17-1225_14",0
"2018-07-17-1225_15",0
"2018-07-17-1225_16",0
"2018-07-17-1225_17",0
"2018-07-17-1225_18",0
"2018-07-17-1225_19",0
"2018-07-17-1225_2",1
"2018-07-17-1225_20",0
"2018-07-17-1225_21",0
"2018-07-17-1225_22",0
"2018-07-17-1225_23",1
"2018-07-17-1225_24",0
"2018-07-17-1225_25",0
"2018-07-17-1225_26",0
"2018-07-17-1225_27",1
"2018-07-17-1225_28",0
"2018-07-17-1225_29",0
"2018-07-17-1225_3",1
"2018-07-17-1225_30",0
"2018-07-17-1225_31",1
"2018-07-17-1225_32",1
"2018-07-17-1225_33",0
"2018-07-17-1225_34",1
"2018-07-17-1225_35",0
"2018-07-17-1225_36",1
"2018-07-17-1225_4",0
"2018-07-17-1225_5",1
"2018-07-17-1225_6",1
"2018-07-17-1225_7",1
"2018-07-17-1225_8",1
"2018-07-17-1225_9",0
"2018-07-17-1230_1",1
"2018-07-17-1230_10",0
"2018-07-17-1230_11",0
"2018-07-17-1230_12",0
"2018-07-17-1230_13",0
"2018-07-17-1230_14",0
"2018-07-17-1230_15",0
"2018-07-17-1230_16",0
"2018-07-17-1230_17",0
"2018-07-17-1230_18",0
"2018-07-17-1230_19",0
"2018-07-17-1230_2",1
"2018-07-17-1230_20",0
"2018-07-17-1230_21",0
"2018-07-17-1230_22",0
"2018-07-17-1230_23",1
"2018-07-17-1230_24",0
"2018-07-17-1230_25",0
"2018-07-17-1230_26",0
"2018-07-17-1230_27",1
"2018-07-17-1230_28",0
"2018-07-17-1230_29",0
"2018-07-17-1230_3",0
"2018-07-17-1230_30",0
"2018-07-17-1230_31",0
"2018-07-17-1230_32",1
"2018-07-17-1230_33",0
"2018-07-17-1230_34",0
"2018-07-17-1230_35",0
"2018-07-17-1230_36",1
"2018-07-17-1230_4",0
"2018-07-17-1230_5",0
"2018-07-17-1230_6",1
"2018-07-17-1230_7",1
"2018-07-17-1230_8",1
"2018-07-17-1230_9",0
"2018-07-17-1235_1",1
"2018-07-17-1235_10",0
"2018-07-17-1235_11",0
"2018-07-17-1235_12",0
"2018-07-17-1235_13",0
"2018-07-17-1235_14",0
"2018-07-17-1235_15",0
"2018-07-17-1235_16",0
"2018-07-17-1235_17",0
"2018-07-17-1235_18",0
"2018-07-17-1235_19",0
"2018-07-17-1235_2",1
"2018-07-17-1235_20",0
"2018-07-17-1235_21",0
"2018-07-17-1235_22",0
"2018-07-17-1235_23",1
"2018-07-17-1235_24",0
"2018-07-17-1235_25",0
"2018-07-17-1235_26",0
"2018-07-17-1235_27",1
"2018-07-17-1235_28",0
"2018-07-17-1235_29",0
"2018-07-17-1235_3",0
"2018-07-17-1235_30",0
"2018-07-17-1235_31",1
"2018-07-17-1235_32",1
"2018-07-17-1235_33",0
"2018-07-17-1235_34",1
"2018-07-17-1235_35",0
"2018-07-17-1235_36",1
"2018-07-17-1235_4",0
"2018-07-17-1235_5",1
"2018-07-17-1235_6",1
"2018-07-17-1235_7",1
"2018-07-17-1235_8",1
"2018-07-17-1235_9",0
"2018-07-17-1240_1",1
"2018-07-17-1240_10",0
"2018-07-17-1240_11",0
"2018-07-17-1240_12",0
"2018-07-17-1240_13",0
"2018-07-17-1240_14",0
"2018-07-17-1240_15",0
"2018-07-17-1240_16",0
"2018-07-17-1240_17",0
"2018-07-17-1240_18",0
"2018-07-17-1240_19",0
"2018-07-17-1240_2",0
"2018-07-17-1240_20",0
"2018-07-17-1240_21",0
"2018-07-17-1240_22",0
"2018-07-17-1240_23",1
"2018-07-17-1240_24",0
"2018-07-17-1240_25",0
"2018-07-17-1240_26",0
"2018-07-17-1240_27",1
"2018-07-17-1240_28",0
"2018-07-17-1240_29",0
"2018-07-17-1240_3",1
"2018-07-17-1240_30",0
"2018-07-17-1240_31",1
"2018-07-17-1240_32",1
"2018-07-17-1240_33",0
"2018-07-17-1240_34",1
"2018-07-17-1240_35",0
"2018-07-17-1240_36",1
"2018-07-17-1240_4",0
"2018-07-17-1240_5",1
"2018-07-17-1240_6",1
"2018-07-17-1240_7",1
"2018-07-17-1240_8",1
"2018-07-17-1240_9",0
"2018-07-17-1245_1",1
"2018-07-17-1245_10",0
"2018-07-17-1245_11",0
"2018-07-17-1245_12",0
"2018-07-17-1245_13",0
"2018-07-17-1245_14",0
"2018-07-17-1245_15",0
"2018-07-17-1245_16",0
"2018-07-17-1245_17",0
"2018-07-17-1245_18",0
"2018-07-17-1245_19",0
"2018-07-17-1245_2",1
"2018-07-17-1245_20",0
"2018-07-17-1245_21",0
"2018-07-17-1245_22",0
"2018-07-17-1245_23",1
"2018-07-17-1245_24",0
"2018-07-17-1245_25",0
"2018-07-17-1245_26",0
"2018-07-17-1245_27",1
"2018-07-17-1245_28",0
"2018-07-17-1245_29",0
"2018-07-17-1245_3",1
"2018-07-17-1245_30",0
"2018-07-17-1245_31",1
"2018-07-17-1245_32",1
"2018-07-17-1245_33",0
"2018-07-17-1245_34",1
"2018-07-17-1245_35",0
"2018-07-17-1245_36",1
"2018-07-17-1245_4",0
"2018-07-17-1245_5",1
"2018-07-17-1245_6",0
"2018-07-17-1245_7",1
"2018-07-17-1245_8",1
"2018-07-17-1245_9",0
"2018-07-17-1250_1",1
"2018-07-17-1250_10",0
"2018-07-17-1250_11",0
"2018-07-17-1250_12",0
"2018-07-17-1250_13",0
"2018-07-17-1250_14",0
"2018-07-17-1250_15",0
"2018-07-17-1250_16",0
"2018-07-17-1250_17",0
"2018-07-17-1250_18",0
"2018-07-17-1250_19",0
"2018-07-17-1250_2",1
"2018-07-17-1250_20",0
"2018-07-17-1250_21",0
"2018-07-17-1250_22",0
"2018-07-17-1250_23",1
"2018-07-17-1250_24",0
"2018-07-17-1250_25",0
"2018-07-17-1250_26",0
"2018-07-17-1250_27",1
"2018-07-17-1250_28",0
"2018-07-17-1250_29",0
"2018-07-17-1250_3",1
"2018-07-17-1250_30",0
"2018-07-17-1250_31",1
"2018-07-17-1250_32",1
"2018-07-17-1250_33",0
"2018-07-17-1250_34",1
"2018-07-17-1250_35",0
"2018-07-17-1250_36",1
"2018-07-17-1250_4",0
"2018-07-17-1250_5",1
"2018-07-17-1250_6",1
"2018-07-17-1250_7",1
"2018-07-17-1250_8",1
"2018-07-17-1250_9",0
"2018-07-17-1255_1",1
"2018-07-17-1255_10",0
"2018-07-17-1255_11",0
"2018-07-17-1255_12",0
"2018-07-17-1255_13",0
"2018-07-17-1255_14",0
"2018-07-17-1255_15",0
"2018-07-17-1255_16",0
"2018-07-17-1255_17",0
"2018-07-17-1255_18",0
"2018-07-17-1255_19",0
"2018-07-17-1255_2",1
"2018-07-17-1255_20",0
"2018-07-17-1255_21",0
"2018-07-17-1255_22",0
"2018-07-17-1255_23",1
"2018-07-17-1255_24",0
"2018-07-17-1255_25",0
"2018-07-17-1255_26",0
"2018-07-17-1255_27",0
"2018-07-17-1255_28",0
"2018-07-17-1255_29",0
"2018-07-17-1255_3",1
"2018-07-17-1255_30",0
"2018-07-17-1255_31",1
"2018-07-17-1255_32",1
"2018-07-17-1255_33",0
"2018-07-17-1255_34",1
"2018-07-17-1255_35",0
"2018-07-17-1255_36",1
"2018-07-17-1255_4",1
"2018-07-17-1255_5",1
"2018-07-17-1255_6",0
"2018-07-17-1255_7",1
"2018-07-17-1255_8",1
"2018-07-17-1255_9",0
"2018-07-17-1300_1",1
"2018-07-17-1300_10",0
"2018-07-17-1300_11",0
"2018-07-17-1300_12",0
"2018-07-17-1300_13",0
"2018-07-17-1300_14",0
"2018-07-17-1300_15",0
"2018-07-17-1300_16",0
"2018-07-17-1300_17",0
"2018-07-17-1300_18",0
"2018-07-17-1300_19",0
"2018-07-17-1300_2",1
"2018-07-17-1300_20",0
"2018-07-17-1300_21",0
"2018-07-17-1300_22",0
"2018-07-17-1300_23",1
"2018-07-17-1300_24",0
"2018-07-17-1300_25",0
"2018-07-17-1300_26",0
"2018-07-17-1300_27",1
"2018-07-17-1300_28",0
"2018-07-17-1300_29",0
"2018-07-17-1300_3",1
"2018-07-17-1300_30",0
"2018-07-17-1300_31",1
"2018-07-17-1300_32",1
"2018-07-17-1300_33",0
"2018-07-17-1300_34",1
"2018-07-17-1300_35",0
"2018-07-17-1300_36",1
"2018-07-17-1300_4",1
"2018-07-17-1300_5",1
"2018-07-17-1300_6",0
"2018-07-17-1300_7",1
"2018-07-17-1300_8",1
"2018-07-17-1300_9",0
"2018-07-17-1305_1",1
"2018-07-17-1305_10",0
"2018-07-17-1305_11",0
"2018-07-17-1305_12",0
"2018-07-17-1305_13",0
"2018-07-17-1305_14",0
"2018-07-17-1305_15",0
"2018-07-17-1305_16",0
"2018-07-17-1305_17",0
"2018-07-17-1305_18",0
"2018-07-17-1305_19",0
"2018-07-17-1305_2",1
"2018-07-17-1305_20",0
"2018-07-17-1305_21",0
"2018-07-17-1305_22",0
"2018-07-17-1305_23",1
"2018-07-17-1305_24",0
"2018-07-17-1305_25",0
"2018-07-17-1305_26",0
"2018-07-17-1305_27",1
"2018-07-17-1305_28",0
"2018-07-17-1305_29",0
"2018-07-17-1305_3",1
"2018-07-17-1305_30",0
"2018-07-17-1305_31",1
"2018-07-17-1305_32",1
"2018-07-17-1305_33",0
"2018-07-17-1305_34",1
"2018-07-17-1305_35",0
"2018-07-17-1305_36",1
"2018-07-17-1305_4",1
"2018-07-17-1305_5",1
"2018-07-17-1305_6",0
"2018-07-17-1305_7",1
"2018-07-17-1305_8",1
"2018-07-17-1305_9",0
"2018-07-17-1310_1",1
"2018-07-17-1310_10",0
"2018-07-17-1310_11",0
"2018-07-17-1310_12",0
"2018-07-17-1310_13",0
"2018-07-17-1310_14",0
"2018-07-17-1310_15",0
"2018-07-17-1310_16",0
"2018-07-17-1310_17",0
"2018-07-17-1310_18",0
"2018-07-17-1310_19",0
"2018-07-17-1310_2",1
"2018-07-17-1310_20",0
"2018-07-17-1310_21",0
"2018-07-17-1310_22",0
"2018-07-17-1310_23",1
"2018-07-17-1310_24",0
"2018-07-17-1310_25",0
"2018-07-17-1310_26",0
"2018-07-17-1310_27",1
"2018-07-17-1310_28",0
"2018-07-17-1310_29",0
"2018-07-17-1310_3",1
"2018-07-17-1310_30",0
"2018-07-17-1310_31",1
"2018-07-17-1310_32",1
"2018-07-17-1310_33",0
"2018-07-17-1310_34",1
"2018-07-17-1310_35",0
"2018-07-17-1310_36",1
"2018-07-17-1310_4",1
"2018-07-17-1310_5",0
"2018-07-17-1310_6",0
"2018-07-17-1310_7",0
"2018-07-17-1310_8",1
"2018-07-17-1310_9",0
"2018-07-17-1315_1",1
"2018-07-17-1315_10",0
"2018-07-17-1315_11",0
"2018-07-17-1315_12",0
"2018-07-17-1315_13",0
"2018-07-17-1315_14",0
"2018-07-17-1315_15",0
"2018-07-17-1315_16",0
"2018-07-17-1315_17",0
"2018-07-17-1315_18",0
"2018-07-17-1315_19",0
"2018-07-17-1315_2",1
"2018-07-17-1315_20",0
"2018-07-17-1315_21",0
"2018-07-17-1315_22",0
"2018-07-17-1315_23",1
"2018-07-17-1315_24",0
"2018-07-17-1315_25",0
"2018-07-17-1315_26",0
"2018-07-17-1315_27",0
"2018-07-17-1315_28",0
"2018-07-17-1315_29",0
"2018-07-17-1315_3",0
"2018-07-17-1315_30",0
"2018-07-17-1315_31",0
"2018-07-17-1315_32",1
"2018-07-17-1315_33",0
"2018-07-17-1315_34",1
"2018-07-17-1315_35",0
"2018-07-17-1315_36",1
"2018-07-17-1315_4",1
"2018-07-17-1315_5",0
"2018-07-17-1315_6",0
"2018-07-17-1315_7",0
"2018-07-17-1315_8",1
"2018-07-17-1315_9",0
"2018-07-17-1320_1",1
"2018-07-17-1320_10",0
"2018-07-17-1320_11",0
"2018-07-17-1320_12",0
"2018-07-17-1320_13",0
"2018-07-17-1320_14",0
"2018-07-17-1320_15",0
"2018-07-17-1320_16",0
"2018-07-17-1320_17",0
"2018-07-17-1320_18",0
"2018-07-17-1320_19",0
"2018-07-17-1320_2",0
"2018-07-17-1320_20",0
"2018-07-17-1320_21",1
"2018-07-17-1320_22",1
"2018-07-17-1320_23",1
"2018-07-17-1320_24",0
"2018-07-17-1320_25",1
"2018-07-17-1320_26",0
"2018-07-17-1320_27",0
"2018-07-17-1320_28",0
"2018-07-17-1320_29",0
"2018-07-17-1320_3",1
"2018-07-17-1320_30",0
"2018-07-17-1320_31",0
"2018-07-17-1320_32",1
"2018-07-17-1320_33",0
"2018-07-17-1320_34",1
"2018-07-17-1320_35",0
"2018-07-17-1320_36",1
"2018-07-17-1320_4",0
"2018-07-17-1320_5",1
"2018-07-17-1320_6",1
"2018-07-17-1320_7",1
"2018-07-17-1320_8",1
"2018-07-17-1320_9",0
"2018-07-17-1325_1",1
"2018-07-17-1325_10",0
"2018-07-17-1325_11",0
"2018-07-17-1325_12",0
"2018-07-17-1325_13",0
"2018-07-17-1325_14",0
"2018-07-17-1325_15",0
"2018-07-17-1325_16",0
"2018-07-17-1325_17",0
"2018-07-17-1325_18",0
"2018-07-17-1325_19",0
"2018-07-17-1325_2",1
"2018-07-17-1325_20",0
"2018-07-17-1325_21",1
"2018-07-17-1325_22",1
"2018-07-17-1325_23",0
"2018-07-17-1325_24",0
"2018-07-17-1325_25",1
"2018-07-17-1325_26",0
"2018-07-17-1325_27",1
"2018-07-17-1325_28",0
"2018-07-17-1325_29",0
"2018-07-17-1325_3",1
"2018-07-17-1325_30",0
"2018-07-17-1325_31",0
"2018-07-17-1325_32",1
"2018-07-17-1325_33",0
"2018-07-17-1325_34",1
"2018-07-17-1325_35",0
"2018-07-17-1325_36",0
"2018-07-17-1325_4",1
"2018-07-17-1325_5",1
"2018-07-17-1325_6",1
"2018-07-17-1325_7",1
"2018-07-17-1325_8",1
"2018-07-17-1325_9",0
"2018-07-17-1330_1",1
"2018-07-17-1330_10",0
"2018-07-17-1330_11",0
"2018-07-17-1330_12",0
"2018-07-17-1330_13",0
"2018-07-17-1330_14",0
"2018-07-17-1330_15",0
"2018-07-17-1330_16",0
"2018-07-17-1330_17",0
"2018-07-17-1330_18",0
"2018-07-17-1330_19",0
"2018-07-17-1330_2",1
"2018-07-17-1330_20",0
"2018-07-17-1330_21",1
"2018-07-17-1330_22",1
"2018-07-17-1330_23",1
"2018-07-17-1330_24",1
"2018-07-17-1330_25",0
"2018-07-17-1330_26",0
"2018-07-17-1330_27",0
"2018-07-17-1330_28",0
"2018-07-17-1330_29",0
"2018-07-17-1330_3",1
"2018-07-17-1330_30",0
"2018-07-17-1330_31",0
"2018-07-17-1330_32",1
"2018-07-17-1330_33",0
"2018-07-17-1330_34",1
"2018-07-17-1330_35",0
"2018-07-17-1330_36",1
"2018-07-17-1330_4",1
"2018-07-17-1330_5",1
"2018-07-17-1330_6",1
"2018-07-17-1330_7",1
"2018-07-17-1330_8",1
"2018-07-17-1330_9",0
"2018-07-17-1335_1",1
"2018-07-17-1335_10",0
"2018-07-17-1335_11",1
"2018-07-17-1335_12",0
"2018-07-17-1335_13",0
"2018-07-17-1335_14",0
"2018-07-17-1335_15",0
"2018-07-17-1335_16",0
"2018-07-17-1335_17",0
"2018-07-17-1335_18",0
"2018-07-17-1335_19",0
"2018-07-17-1335_2",0
"2018-07-17-1335_20",0
"2018-07-17-1335_21",1
"2018-07-17-1335_22",1
"2018-07-17-1335_23",1
"2018-07-17-1335_24",0
"2018-07-17-1335_25",1
"2018-07-17-1335_26",0
"2018-07-17-1335_27",1
"2018-07-17-1335_28",0
"2018-07-17-1335_29",0
"2018-07-17-1335_3",1
"2018-07-17-1335_30",0
"2018-07-17-1335_31",0
"2018-07-17-1335_32",1
"2018-07-17-1335_33",0
"2018-07-17-1335_34",0
"2018-07-17-1335_35",0
"2018-07-17-1335_36",1
"2018-07-17-1335_4",1
"2018-07-17-1335_5",1
"2018-07-17-1335_6",1
"2018-07-17-1335_7",1
"2018-07-17-1335_8",1
"2018-07-17-1335_9",0
"2018-07-17-1340_1",1
"2018-07-17-1340_10",1
"2018-07-17-1340_11",0
"2018-07-17-1340_12",0
"2018-07-17-1340_13",0
"2018-07-17-1340_14",0
"2018-07-17-1340_15",0
"2018-07-17-1340_16",0
"2018-07-17-1340_17",0
"2018-07-17-1340_18",0
"2018-07-17-1340_19",0
"2018-07-17-1340_2",1
"2018-07-17-1340_20",0
"2018-07-17-1340_21",1
"2018-07-17-1340_22",1
"2018-07-17-1340_23",1
"2018-07-17-1340_24",0
"2018-07-17-1340_25",0
"2018-07-17-1340_26",0
"2018-07-17-1340_27",1
"2018-07-17-1340_28",0
"2018-07-17-1340_29",0
"2018-07-17-1340_3",1
"2018-07-17-1340_30",0
"2018-07-17-1340_31",0
"2018-07-17-1340_32",1
"2018-07-17-1340_33",0
"2018-07-17-1340_34",1
"2018-07-17-1340_35",0
"2018-07-17-1340_36",1
"2018-07-17-1340_4",1
"2018-07-17-1340_5",1
"2018-07-17-1340_6",1
"2018-07-17-1340_7",1
"2018-07-17-1340_8",1
"2018-07-17-1340_9",0
"2018-07-17-1345_1",1
"2018-07-17-1345_10",0
"2018-07-17-1345_11",0
"2018-07-17-1345_12",0
"2018-07-17-1345_13",0
"2018-07-17-1345_14",0
"2018-07-17-1345_15",0
"2018-07-17-1345_16",0
"2018-07-17-1345_17",0
"2018-07-17-1345_18",0
"2018-07-17-1345_19",0
"2018-07-17-1345_2",1
"2018-07-17-1345_20",0
"2018-07-17-1345_21",1
"2018-07-17-1345_22",1
"2018-07-17-1345_23",1
"2018-07-17-1345_24",1
"2018-07-17-1345_25",1
"2018-07-17-1345_26",0
"2018-07-17-1345_27",1
"2018-07-17-1345_28",0
"2018-07-17-1345_29",0
"2018-07-17-1345_3",1
"2018-07-17-1345_30",0
"2018-07-17-1345_31",0
"2018-07-17-1345_32",1
"2018-07-17-1345_33",0
"2018-07-17-1345_34",1
"2018-07-17-1345_35",0
"2018-07-17-1345_36",1
"2018-07-17-1345_4",1
"2018-07-17-1345_5",1
"2018-07-17-1345_6",1
"2018-07-17-1345_7",1
"2018-07-17-1345_8",0
"2018-07-17-1345_9",0
"2018-07-17-1350_1",1
"2018-07-17-1350_10",0
"2018-07-17-1350_11",0
"2018-07-17-1350_12",0
"2018-07-17-1350_13",0
"2018-07-17-1350_14",0
"2018-07-17-1350_15",0
"2018-07-17-1350_16",0
"2018-07-17-1350_17",0
"2018-07-17-1350_18",0
"2018-07-17-1350_19",0
"2018-07-17-1350_2",1
"2018-07-17-1350_20",0
"2018-07-17-1350_21",1
"2018-07-17-1350_22",1
"2018-07-17-1350_23",1
"2018-07-17-1350_24",0
"2018-07-17-1350_25",1
"2018-07-17-1350_26",0
"2018-07-17-1350_27",1
"2018-07-17-1350_28",0
"2018-07-17-1350_29",0
"2018-07-17-1350_3",1
"2018-07-17-1350_30",0
"2018-07-17-1350_31",0
"2018-07-17-1350_32",1
"2018-07-17-1350_33",0
"2018-07-17-1350_34",1
"2018-07-17-1350_35",0
"2018-07-17-1350_36",1
"2018-07-17-1350_4",1
"2018-07-17-1350_5",1
"2018-07-17-1350_6",1
"2018-07-17-1350_7",1
"2018-07-17-1350_8",1
"2018-07-17-1350_9",0
"2018-07-17-1355_1",1
"2018-07-17-1355_10",0
"2018-07-17-1355_11",0
"2018-07-17-1355_12",0
"2018-07-17-1355_13",0
"2018-07-17-1355_14",0
"2018-07-17-1355_15",0
"2018-07-17-1355_16",0
"2018-07-17-1355_17",0
"2018-07-17-1355_18",0
"2018-07-17-1355_19",0
"2018-07-17-1355_2",1
"2018-07-17-1355_20",0
"2018-07-17-1355_21",1
"2018-07-17-1355_22",1
"2018-07-17-1355_23",1
"2018-07-17-1355_24",0
"2018-07-17-1355_25",1
"2018-07-17-1355_26",0
"2018-07-17-1355_27",1
"2018-07-17-1355_28",0
"2018-07-17-1355_29",0
"2018-07-17-1355_3",1
"2018-07-17-1355_30",0
"2018-07-17-1355_31",0
"2018-07-17-1355_32",1
"2018-07-17-1355_33",0
"2018-07-17-1355_34",1
"2018-07-17-1355_35",0
"2018-07-17-1355_36",1
"2018-07-17-1355_4",1
"2018-07-17-1355_5",1
"2018-07-17-1355_6",1
"2018-07-17-1355_7",1
"2018-07-17-1355_8",1
"2018-07-17-1355_9",0
"2018-07-17-1400_1",1
"2018-07-17-1400_10",0
"2018-07-17-1400_11",0
"2018-07-17-1400_12",0
"2018-07-17-1400_13",0
"2018-07-17-1400_14",0
"2018-07-17-1400_15",0
"2018-07-17-1400_16",0
"2018-07-17-1400_17",0
"2018-07-17-1400_18",0
"2018-07-17-1400_19",0
"2018-07-17-1400_2",0
"2018-07-17-1400_20",0
"2018-07-17-1400_21",0
"2018-07-17-1400_22",1
"2018-07-17-1400_23",1
"2018-07-17-1400_24",1
"2018-07-17-1400_25",1
"2018-07-17-1400_26",0
"2018-07-17-1400_27",1
"2018-07-17-1400_28",0
"2018-07-17-1400_29",0
"2018-07-17-1400_3",1
"2018-07-17-1400_30",0
"2018-07-17-1400_31",0
"2018-07-17-1400_32",1
"2018-07-17-1400_33",0
"2018-07-17-1400_34",1
"2018-07-17-1400_35",0
"2018-07-17-1400_36",1
"2018-07-17-1400_4",1
"2018-07-17-1400_5",1
"2018-07-17-1400_6",1
"2018-07-17-1400_7",1
"2018-07-17-1400_8",1
"2018-07-17-1400_9",0
"2018-07-17-1405_1",1
"2018-07-17-1405_10",0
"2018-07-17-1405_11",0
"2018-07-17-1405_12",0
"2018-07-17-1405_13",0
"2018-07-17-1405_14",0
"2018-07-17-1405_15",0
"2018-07-17-1405_16",0
"2018-07-17-1405_17",0
"2018-07-17-1405_18",0
"2018-07-17-1405_19",0
"2018-07-17-1405_2",0
"2018-07-17-1405_20",0
"2018-07-17-1405_21",1
"2018-07-17-1405_22",1
"2018-07-17-1405_23",1
"2018-07-17-1405_24",1
"2018-07-17-1405_25",1
"2018-07-17-1405_26",0
"2018-07-17-1405_27",1
"2018-07-17-1405_28",0
"2018-07-17-1405_29",1
"2018-07-17-1405_3",1
"2018-07-17-1405_30",0
"2018-07-17-1405_31",0
"2018-07-17-1405_32",1
"2018-07-17-1405_33",0
"2018-07-17-1405_34",1
"2018-07-17-1405_35",0
"2018-07-17-1405_36",1
"2018-07-17-1405_4",1
"2018-07-17-1405_5",1
"2018-07-17-1405_6",1
"2018-07-17-1405_7",1
"2018-07-17-1405_8",1
"2018-07-17-1405_9",1
"2018-07-17-1410_1",1
"2018-07-17-1410_10",0
"2018-07-17-1410_11",0
"2018-07-17-1410_12",0
"2018-07-17-1410_13",0
"2018-07-17-1410_14",0
"2018-07-17-1410_15",0
"2018-07-17-1410_16",0
"2018-07-17-1410_17",0
"2018-07-17-1410_18",0
"2018-07-17-1410_19",0
"2018-07-17-1410_2",1
"2018-07-17-1410_20",0
"2018-07-17-1410_21",1
"2018-07-17-1410_22",1
"2018-07-17-1410_23",1
"2018-07-17-1410_24",1
"2018-07-17-1410_25",1
"2018-07-17-1410_26",0
"2018-07-17-1410_27",1
"2018-07-17-1410_28",0
"2018-07-17-1410_29",0
"2018-07-17-1410_3",0
"2018-07-17-1410_30",1
"2018-07-17-1410_31",0
"2018-07-17-1410_32",1
"2018-07-17-1410_33",0
"2018-07-17-1410_34",1
"2018-07-17-1410_35",0
"2018-07-17-1410_36",0
"2018-07-17-1410_4",1
"2018-07-17-1410_5",1
"2018-07-17-1410_6",1
"2018-07-17-1410_7",1
"2018-07-17-1410_8",1
"2018-07-17-1410_9",0
"2018-07-17-1415_1",1
"2018-07-17-1415_10",0
"2018-07-17-1415_11",0
"2018-07-17-1415_12",1
"2018-07-17-1415_13",0
"2018-07-17-1415_14",0
"2018-07-17-1415_15",0
"2018-07-17-1415_16",0
"2018-07-17-1415_17",0
"2018-07-17-1415_18",0
"2018-07-17-1415_19",0
"2018-07-17-1415_2",1
"2018-07-17-1415_20",0
"2018-07-17-1415_21",1
"2018-07-17-1415_22",1
"2018-07-17-1415_23",0
"2018-07-17-1415_24",1
"2018-07-17-1415_25",1
"2018-07-17-1415_26",0
"2018-07-17-1415_27",1
"2018-07-17-1415_28",0
"2018-07-17-1415_29",0
"2018-07-17-1415_3",1
"2018-07-17-1415_30",1
"2018-07-17-1415_31",0
"2018-07-17-1415_32",1
"2018-07-17-1415_33",0
"2018-07-17-1415_34",1
"2018-07-17-1415_35",0
"2018-07-17-1415_36",1
"2018-07-17-1415_4",1
"2018-07-17-1415_5",1
"2018-07-17-1415_6",1
"2018-07-17-1415_7",1
"2018-07-17-1415_8",1
"2018-07-17-1415_9",0
"2018-07-17-1420_1",1
"2018-07-17-1420_10",0
"2018-07-17-1420_11",1
"2018-07-17-1420_12",1
"2018-07-17-1420_13",0
"2018-07-17-1420_14",1
"2018-07-17-1420_15",0
"2018-07-17-1420_16",0
"2018-07-17-1420_17",0
"2018-07-17-1420_18",0
"2018-07-17-1420_19",0
"2018-07-17-1420_2",1
"2018-07-17-1420_20",0
"2018-07-17-1420_21",1
"2018-07-17-1420_22",1
"2018-07-17-1420_23",1
"2018-07-17-1420_24",1
"2018-07-17-1420_25",1
"2018-07-17-1420_26",0
"2018-07-17-1420_27",1
"2018-07-17-1420_28",0
"2018-07-17-1420_29",0
"2018-07-17-1420_3",1
"2018-07-17-1420_30",1
"2018-07-17-1420_31",0
"2018-07-17-1420_32",1
"2018-07-17-1420_33",0
"2018-07-17-1420_34",1
"2018-07-17-1420_35",0
"2018-07-17-1420_36",1
"2018-07-17-1420_4",1
"2018-07-17-1420_5",1
"2018-07-17-1420_6",1
"2018-07-17-1420_7",1
"2018-07-17-1420_8",1
"2018-07-17-1420_9",0
"2018-07-17-1425_1",1
"2018-07-17-1425_10",0
"2018-07-17-1425_11",0
"2018-07-17-1425_12",0
"2018-07-17-1425_13",0
"2018-07-17-1425_14",0
"2018-07-17-1425_15",0
"2018-07-17-1425_16",0
"2018-07-17-1425_17",0
"2018-07-17-1425_18",0
"2018-07-17-1425_19",0
"2018-07-17-1425_2",1
"2018-07-17-1425_20",0
"2018-07-17-1425_21",1
"2018-07-17-1425_22",1
"2018-07-17-1425_23",1
"2018-07-17-1425_24",1
"2018-07-17-1425_25",1
"2018-07-17-1425_26",0
"2018-07-17-1425_27",1
"2018-07-17-1425_28",0
"2018-07-17-1425_29",1
"2018-07-17-1425_3",1
"2018-07-17-1425_30",1
"2018-07-17-1425_31",0
"2018-07-17-1425_32",1
"2018-07-17-1425_33",0
"2018-07-17-1425_34",1
"2018-07-17-1425_35",0
"2018-07-17-1425_36",0
"2018-07-17-1425_4",0
"2018-07-17-1425_5",0
"2018-07-17-1425_6",1
"2018-07-17-1425_7",1
"2018-07-17-1425_8",1
"2018-07-17-1425_9",0
"2018-07-17-1430_1",1
"2018-07-17-1430_10",0
"2018-07-17-1430_11",0
"2018-07-17-1430_12",0
"2018-07-17-1430_13",0
"2018-07-17-1430_14",0
"2018-07-17-1430_15",0
"2018-07-17-1430_16",0
"2018-07-17-1430_17",0
"2018-07-17-1430_18",0
"2018-07-17-1430_19",0
"2018-07-17-1430_2",1
"2018-07-17-1430_20",0
"2018-07-17-1430_21",1
"2018-07-17-1430_22",1
"2018-07-17-1430_23",1
"2018-07-17-1430_24",1
"2018-07-17-1430_25",1
"2018-07-17-1430_26",0
"2018-07-17-1430_27",1
"2018-07-17-1430_28",0
"2018-07-17-1430_29",1
"2018-07-17-1430_3",1
"2018-07-17-1430_30",0
"2018-07-17-1430_31",0
"2018-07-17-1430_32",1
"2018-07-17-1430_33",0
"2018-07-17-1430_34",1
"2018-07-17-1430_35",1
"2018-07-17-1430_36",1
"2018-07-17-1430_4",1
"2018-07-17-1430_5",1
"2018-07-17-1430_6",1
"2018-07-17-1430_7",1
"2018-07-17-1430_8",1
"2018-07-17-1430_9",0
"2018-07-17-1435_1",1
"2018-07-17-1435_10",0
"2018-07-17-1435_11",0
"2018-07-17-1435_12",0
"2018-07-17-1435_13",0
"2018-07-17-1435_14",0
"2018-07-17-1435_15",0
"2018-07-17-1435_16",0
"2018-07-17-1435_17",0
"2018-07-17-1435_18",0
"2018-07-17-1435_19",0
"2018-07-17-1435_2",0
"2018-07-17-1435_20",0
"2018-07-17-1435_21",1
"2018-07-17-1435_22",1
"2018-07-17-1435_23",1
"2018-07-17-1435_24",1
"2018-07-17-1435_25",1
"2018-07-17-1435_26",0
"2018-07-17-1435_27",1
"2018-07-17-1435_28",0
"2018-07-17-1435_29",0
"2018-07-17-1435_3",1
"2018-07-17-1435_30",0
"2018-07-17-1435_31",0
"2018-07-17-1435_32",1
"2018-07-17-1435_33",0
"2018-07-17-1435_34",1
"2018-07-17-1435_35",0
"2018-07-17-1435_36",1
"2018-07-17-1435_4",1
"2018-07-17-1435_5",1
"2018-07-17-1435_6",1
"2018-07-17-1435_7",1
"2018-07-17-1435_8",1
"2018-07-17-1435_9",0
"2018-07-17-1440_1",1
"2018-07-17-1440_10",0
"2018-07-17-1440_11",0
"2018-07-17-1440_12",0
"2018-07-17-1440_13",0
"2018-07-17-1440_14",0
"2018-07-17-1440_15",0
"2018-07-17-1440_16",0
"2018-07-17-1440_17",0
"2018-07-17-1440_18",0
"2018-07-17-1440_19",0
"2018-07-17-1440_2",0
"2018-07-17-1440_20",0
"2018-07-17-1440_21",1
"2018-07-17-1440_22",1
"2018-07-17-1440_23",1
"2018-07-17-1440_24",1
"2018-07-17-1440_25",1
"2018-07-17-1440_26",1
"2018-07-17-1440_27",1
"2018-07-17-1440_28",0
"2018-07-17-1440_29",0
"2018-07-17-1440_3",1
"2018-07-17-1440_30",0
"2018-07-17-1440_31",0
"2018-07-17-1440_32",1
"2018-07-17-1440_33",0
"2018-07-17-1440_34",1
"2018-07-17-1440_35",1
"2018-07-17-1440_36",1
"2018-07-17-1440_4",1
"2018-07-17-1440_5",1
"2018-07-17-1440_6",1
"2018-07-17-1440_7",1
"2018-07-17-1440_8",1
"2018-07-17-1440_9",0
"2018-07-17-1445_1",1
"2018-07-17-1445_10",0
"2018-07-17-1445_11",0
"2018-07-17-1445_12",0
"2018-07-17-1445_13",0
"2018-07-17-1445_14",0
"2018-07-17-1445_15",0
"2018-07-17-1445_16",0
"2018-07-17-1445_17",0
"2018-07-17-1445_18",0
"2018-07-17-1445_19",0
"2018-07-17-1445_2",1
"2018-07-17-1445_20",0
"2018-07-17-1445_21",1
"2018-07-17-1445_22",1
"2018-07-17-1445_23",1
"2018-07-17-1445_24",1
"2018-07-17-1445_25",1
"2018-07-17-1445_26",0
"2018-07-17-1445_27",1
"2018-07-17-1445_28",0
"2018-07-17-1445_29",1
"2018-07-17-1445_3",1
"2018-07-17-1445_30",0
"2018-07-17-1445_31",0
"2018-07-17-1445_32",1
"2018-07-17-1445_33",0
"2018-07-17-1445_34",1
"2018-07-17-1445_35",0
"2018-07-17-1445_36",1
"2018-07-17-1445_4",1
"2018-07-17-1445_5",1
"2018-07-17-1445_6",1
"2018-07-17-1445_7",1
"2018-07-17-1445_8",1
"2018-07-17-1445_9",0
"2018-07-17-1450_1",1
"2018-07-17-1450_10",0
"2018-07-17-1450_11",0
"2018-07-17-1450_12",0
"2018-07-17-1450_13",0
"2018-07-17-1450_14",0
"2018-07-17-1450_15",0
"2018-07-17-1450_16",0
"2018-07-17-1450_17",0
"2018-07-17-1450_18",0
"2018-07-17-1450_19",0
"2018-07-17-1450_2",1
"2018-07-17-1450_20",0
"2018-07-17-1450_21",1
"2018-07-17-1450_22",1
"2018-07-17-1450_23",1
"2018-07-17-1450_24",1
"2018-07-17-1450_25",1
"2018-07-17-1450_26",0
"2018-07-17-1450_27",0
"2018-07-17-1450_28",0
"2018-07-17-1450_29",1
"2018-07-17-1450_3",1
"2018-07-17-1450_30",0
"2018-07-17-1450_31",0
"2018-07-17-1450_32",1
"2018-07-17-1450_33",0
"2018-07-17-1450_34",1
"2018-07-17-1450_35",0
"2018-07-17-1450_36",1
"2018-07-17-1450_4",1
"2018-07-17-1450_5",1
"2018-07-17-1450_6",1
"2018-07-17-1450_7",1
"2018-07-17-1450_8",1
"2018-07-17-1450_9",0
"2018-07-17-1455_1",1
"2018-07-17-1455_10",0
"2018-07-17-1455_11",0
"2018-07-17-1455_12",0
"2018-07-17-1455_13",0
"2018-07-17-1455_14",0
"2018-07-17-1455_15",0
"2018-07-17-1455_16",0
"2018-07-17-1455_17",0
"2018-07-17-1455_18",0
"2018-07-17-1455_19",0
"2018-07-17-1455_2",0
"2018-07-17-1455_20",0
"2018-07-17-1455_21",0
"2018-07-17-1455_22",1
"2018-07-17-1455_23",1
"2018-07-17-1455_24",0
"2018-07-17-1455_25",0
"2018-07-17-1455_26",0
"2018-07-17-1455_27",1
"2018-07-17-1455_28",0
"2018-07-17-1455_29",1
"2018-07-17-1455_3",1
"2018-07-17-1455_30",0
"2018-07-17-1455_31",0
"2018-07-17-1455_32",1
"2018-07-17-1455_33",0
"2018-07-17-1455_34",0
"2018-07-17-1455_35",0
"2018-07-17-1455_36",1
"2018-07-17-1455_4",1
"2018-07-17-1455_5",1
"2018-07-17-1455_6",1
"2018-07-17-1455_7",1
"2018-07-17-1455_8",1
"2018-07-17-1455_9",0
"2018-07-17-1500_1",1
"2018-07-17-1500_10",0
"2018-07-17-1500_11",0
"2018-07-17-1500_12",0
"2018-07-17-1500_13",0
"2018-07-17-1500_14",0
"2018-07-17-1500_15",0
"2018-07-17-1500_16",0
"2018-07-17-1500_17",0
"2018-07-17-1500_18",0
"2018-07-17-1500_19",0
"2018-07-17-1500_2",0
"2018-07-17-1500_20",0
"2018-07-17-1500_21",1
"2018-07-17-1500_22",1
"2018-07-17-1500_23",0
"2018-07-17-1500_24",1
"2018-07-17-1500_25",1
"2018-07-17-1500_26",0
"2018-07-17-1500_27",1
"2018-07-17-1500_28",0
"2018-07-17-1500_29",1
"2018-07-17-1500_3",1
"2018-07-17-1500_30",0
"2018-07-17-1500_31",0
"2018-07-17-1500_32",1
"2018-07-17-1500_33",0
"2018-07-17-1500_34",1
"2018-07-17-1500_35",0
"2018-07-17-1500_36",1
"2018-07-17-1500_4",1
"2018-07-17-1500_5",1
"2018-07-17-1500_6",1
"2018-07-17-1500_7",1
"2018-07-17-1500_8",1
"2018-07-17-1500_9",0
"2018-07-17-1505_1",1
"2018-07-17-1505_10",0
"2018-07-17-1505_11",0
"2018-07-17-1505_12",0
"2018-07-17-1505_13",0
"2018-07-17-1505_14",0
"2018-07-17-1505_15",0
"2018-07-17-1505_16",0
"2018-07-17-1505_17",0
"2018-07-17-1505_18",0
"2018-07-17-1505_19",0
"2018-07-17-1505_2",1
"2018-07-17-1505_20",0
"2018-07-17-1505_21",1
"2018-07-17-1505_22",1
"2018-07-17-1505_23",1
"2018-07-17-1505_24",1
"2018-07-17-1505_25",1
"2018-07-17-1505_26",0
"2018-07-17-1505_27",1
"2018-07-17-1505_28",1
"2018-07-17-1505_29",1
"2018-07-17-1505_3",1
"2018-07-17-1505_30",0
"2018-07-17-1505_31",0
"2018-07-17-1505_32",1
"2018-07-17-1505_33",0
"2018-07-17-1505_34",1
"2018-07-17-1505_35",0
"2018-07-17-1505_36",1
"2018-07-17-1505_4",1
"2018-07-17-1505_5",1
"2018-07-17-1505_6",1
"2018-07-17-1505_7",1
"2018-07-17-1505_8",1
"2018-07-17-1505_9",0
"2018-07-17-1510_1",1
"2018-07-17-1510_10",0
"2018-07-17-1510_11",0
"2018-07-17-1510_12",0
"2018-07-17-1510_13",0
"2018-07-17-1510_14",0
"2018-07-17-1510_15",0
"2018-07-17-1510_16",0
"2018-07-17-1510_17",0
"2018-07-17-1510_18",0
"2018-07-17-1510_19",0
"2018-07-17-1510_2",1
"2018-07-17-1510_20",0
"2018-07-17-1510_21",1
"2018-07-17-1510_22",1
"2018-07-17-1510_23",1
"2018-07-17-1510_24",1
"2018-07-17-1510_25",1
"2018-07-17-1510_26",0
"2018-07-17-1510_27",1
"2018-07-17-1510_28",0
"2018-07-17-1510_29",1
"2018-07-17-1510_3",0
"2018-07-17-1510_30",0
"2018-07-17-1510_31",0
"2018-07-17-1510_32",1
"2018-07-17-1510_33",0
"2018-07-17-1510_34",1
"2018-07-17-1510_35",0
"2018-07-17-1510_36",0
"2018-07-17-1510_4",1
"2018-07-17-1510_5",1
"2018-07-17-1510_6",1
"2018-07-17-1510_7",1
"2018-07-17-1510_8",1
"2018-07-17-1510_9",0
"2018-07-17-1515_1",1
"2018-07-17-1515_10",0
"2018-07-17-1515_11",0
"2018-07-17-1515_12",0
"2018-07-17-1515_13",0
"2018-07-17-1515_14",0
"2018-07-17-1515_15",0
"2018-07-17-1515_16",0
"2018-07-17-1515_17",0
"2018-07-17-1515_18",0
"2018-07-17-1515_19",0
"2018-07-17-1515_2",0
"2018-07-17-1515_20",0
"2018-07-17-1515_21",1
"2018-07-17-1515_22",0
"2018-07-17-1515_23",1
"2018-07-17-1515_24",1
"2018-07-17-1515_25",1
"2018-07-17-1515_26",0
"2018-07-17-1515_27",1
"2018-07-17-1515_28",0
"2018-07-17-1515_29",1
"2018-07-17-1515_3",0
"2018-07-17-1515_30",0
"2018-07-17-1515_31",0
"2018-07-17-1515_32",1
"2018-07-17-1515_33",0
"2018-07-17-1515_34",1
"2018-07-17-1515_35",0
"2018-07-17-1515_36",0
"2018-07-17-1515_4",1
"2018-07-17-1515_5",1
"2018-07-17-1515_6",1
"2018-07-17-1515_7",1
"2018-07-17-1515_8",1
"2018-07-17-1515_9",0
"2018-07-17-1520_1",1
"2018-07-17-1520_10",0
"2018-07-17-1520_11",0
"2018-07-17-1520_12",0
"2018-07-17-1520_13",0
"2018-07-17-1520_14",0
"2018-07-17-1520_15",0
"2018-07-17-1520_16",0
"2018-07-17-1520_17",0
"2018-07-17-1520_18",0
"2018-07-17-1520_19",0
"2018-07-17-1520_2",0
"2018-07-17-1520_20",0
"2018-07-17-1520_21",1
"2018-07-17-1520_22",1
"2018-07-17-1520_23",1
"2018-07-17-1520_24",1
"2018-07-17-1520_25",1
"2018-07-17-1520_26",0
"2018-07-17-1520_27",1
"2018-07-17-1520_28",0
"2018-07-17-1520_29",1
"2018-07-17-1520_3",0
"2018-07-17-1520_30",0
"2018-07-17-1520_31",0
"2018-07-17-1520_32",1
"2018-07-17-1520_33",0
"2018-07-17-1520_34",1
"2018-07-17-1520_35",0
"2018-07-17-1520_36",0
"2018-07-17-1520_4",1
"2018-07-17-1520_5",0
"2018-07-17-1520_6",1
"2018-07-17-1520_7",1
"2018-07-17-1520_8",1
"2018-07-17-1520_9",0
"2018-07-17-1525_1",0
"2018-07-17-1525_10",0
"2018-07-17-1525_11",0
"2018-07-17-1525_12",0
"2018-07-17-1525_13",0
"2018-07-17-1525_14",0
"2018-07-17-1525_15",0
"2018-07-17-1525_16",0
"2018-07-17-1525_17",1
"2018-07-17-1525_18",0
"2018-07-17-1525_19",0
"2018-07-17-1525_2",1
"2018-07-17-1525_20",0
"2018-07-17-1525_21",1
"2018-07-17-1525_22",1
"2018-07-17-1525_23",1
"2018-07-17-1525_24",1
"2018-07-17-1525_25",1
"2018-07-17-1525_26",0
"2018-07-17-1525_27",1
"2018-07-17-1525_28",0
"2018-07-17-1525_29",1
"2018-07-17-1525_3",0
"2018-07-17-1525_30",0
"2018-07-17-1525_31",0
"2018-07-17-1525_32",1
"2018-07-17-1525_33",0
"2018-07-17-1525_34",1
"2018-07-17-1525_35",0
"2018-07-17-1525_36",0
"2018-07-17-1525_4",1
"2018-07-17-1525_5",1
"2018-07-17-1525_6",1
"2018-07-17-1525_7",0
"2018-07-17-1525_8",1
"2018-07-17-1525_9",0
"2018-07-17-1530_1",1
"2018-07-17-1530_10",0
"2018-07-17-1530_11",0
"2018-07-17-1530_12",0
"2018-07-17-1530_13",0
"2018-07-17-1530_14",0
"2018-07-17-1530_15",0
"2018-07-17-1530_16",0
"2018-07-17-1530_17",0
"2018-07-17-1530_18",0
"2018-07-17-1530_19",0
"2018-07-17-1530_2",1
"2018-07-17-1530_20",0
"2018-07-17-1530_21",1
"2018-07-17-1530_22",1
"2018-07-17-1530_23",1
"2018-07-17-1530_24",1
"2018-07-17-1530_25",1
"2018-07-17-1530_26",0
"2018-07-17-1530_27",1
"2018-07-17-1530_28",0
"2018-07-17-1530_29",1
"2018-07-17-1530_3",0
"2018-07-17-1530_30",0
"2018-07-17-1530_31",0
"2018-07-17-1530_32",1
"2018-07-17-1530_33",0
"2018-07-17-1530_34",1
"2018-07-17-1530_35",0
"2018-07-17-1530_36",0
"2018-07-17-1530_4",1
"2018-07-17-1530_5",1
"2018-07-17-1530_6",1
"2018-07-17-1530_7",0
"2018-07-17-1530_8",1
"2018-07-17-1530_9",0
"2018-07-17-1535_1",1
"2018-07-17-1535_10",0
"2018-07-17-1535_11",0
"2018-07-17-1535_12",0
"2018-07-17-1535_13",0
"2018-07-17-1535_14",0
"2018-07-17-1535_15",0
"2018-07-17-1535_16",0
"2018-07-17-1535_17",0
"2018-07-17-1535_18",0
"2018-07-17-1535_19",0
"2018-07-17-1535_2",1
"2018-07-17-1535_20",0
"2018-07-17-1535_21",1
"2018-07-17-1535_22",1
"2018-07-17-1535_23",1
"2018-07-17-1535_24",1
"2018-07-17-1535_25",1
"2018-07-17-1535_26",0
"2018-07-17-1535_27",1
"2018-07-17-1535_28",0
"2018-07-17-1535_29",1
"2018-07-17-1535_3",0
"2018-07-17-1535_30",0
"2018-07-17-1535_31",0
"2018-07-17-1535_32",1
"2018-07-17-1535_33",0
"2018-07-17-1535_34",1
"2018-07-17-1535_35",0
"2018-07-17-1535_36",0
"2018-07-17-1535_4",1
"2018-07-17-1535_5",1
"2018-07-17-1535_6",1
"2018-07-17-1535_7",0
"2018-07-17-1535_8",0
"2018-07-17-1535_9",0
"2018-07-17-1540_1",1
"2018-07-17-1540_10",0
"2018-07-17-1540_11",0
"2018-07-17-1540_12",0
"2018-07-17-1540_13",0
"2018-07-17-1540_14",0
"2018-07-17-1540_15",0
"2018-07-17-1540_16",0
"2018-07-17-1540_17",0
"2018-07-17-1540_18",0
"2018-07-17-1540_19",0
"2018-07-17-1540_2",1
"2018-07-17-1540_20",0
"2018-07-17-1540_21",1
"2018-07-17-1540_22",0
"2018-07-17-1540_23",0
"2018-07-17-1540_24",1
"2018-07-17-1540_25",1
"2018-07-17-1540_26",0
"2018-07-17-1540_27",1
"2018-07-17-1540_28",0
"2018-07-17-1540_29",1
"2018-07-17-1540_3",0
"2018-07-17-1540_30",0
"2018-07-17-1540_31",0
"2018-07-17-1540_32",1
"2018-07-17-1540_33",0
"2018-07-17-1540_34",1
"2018-07-17-1540_35",0
"2018-07-17-1540_36",0
"2018-07-17-1540_4",1
"2018-07-17-1540_5",1
"2018-07-17-1540_6",1
"2018-07-17-1540_7",0
"2018-07-17-1540_8",1
"2018-07-17-1540_9",0
"2018-07-17-1545_1",1
"2018-07-17-1545_10",0
"2018-07-17-1545_11",0
"2018-07-17-1545_12",0
"2018-07-17-1545_13",0
"2018-07-17-1545_14",0
"2018-07-17-1545_15",0
"2018-07-17-1545_16",0
"2018-07-17-1545_17",0
"2018-07-17-1545_18",0
"2018-07-17-1545_19",0
"2018-07-17-1545_2",1
"2018-07-17-1545_20",0
"2018-07-17-1545_21",1
"2018-07-17-1545_22",1
"2018-07-17-1545_23",1
"2018-07-17-1545_24",0
"2018-07-17-1545_25",1
"2018-07-17-1545_26",0
"2018-07-17-1545_27",1
"2018-07-17-1545_28",0
"2018-07-17-1545_29",1
"2018-07-17-1545_3",0
"2018-07-17-1545_30",0
"2018-07-17-1545_31",0
"2018-07-17-1545_32",1
"2018-07-17-1545_33",0
"2018-07-17-1545_34",1
"2018-07-17-1545_35",0
"2018-07-17-1545_36",0
"2018-07-17-1545_4",1
"2018-07-17-1545_5",1
"2018-07-17-1545_6",1
"2018-07-17-1545_7",0
"2018-07-17-1545_8",1
"2018-07-17-1545_9",0
"2018-07-17-1550_1",1
"2018-07-17-1550_10",0
"2018-07-17-1550_11",0
"2018-07-17-1550_12",0
"2018-07-17-1550_13",0
"2018-07-17-1550_14",0
"2018-07-17-1550_15",0
"2018-07-17-1550_16",0
"2018-07-17-1550_17",0
"2018-07-17-1550_18",0
"2018-07-17-1550_19",0
"2018-07-17-1550_2",1
"2018-07-17-1550_20",0
"2018-07-17-1550_21",1
"2018-07-17-1550_22",0
"2018-07-17-1550_23",1
"2018-07-17-1550_24",0
"2018-07-17-1550_25",1
"2018-07-17-1550_26",0
"2018-07-17-1550_27",1
"2018-07-17-1550_28",0
"2018-07-17-1550_29",1
"2018-07-17-1550_3",0
"2018-07-17-1550_30",0
"2018-07-17-1550_31",0
"2018-07-17-1550_32",1
"2018-07-17-1550_33",0
"2018-07-17-1550_34",1
"2018-07-17-1550_35",0
"2018-07-17-1550_36",0
"2018-07-17-1550_4",1
"2018-07-17-1550_5",1
"2018-07-17-1550_6",1
"2018-07-17-1550_7",0
"2018-07-17-1550_8",1
"2018-07-17-1550_9",0
"2018-07-17-1555_1",1
"2018-07-17-1555_10",0
"2018-07-17-1555_11",0
"2018-07-17-1555_12",0
"2018-07-17-1555_13",0
"2018-07-17-1555_14",0
"2018-07-17-1555_15",0
"2018-07-17-1555_16",0
"2018-07-17-1555_17",0
"2018-07-17-1555_18",0
"2018-07-17-1555_19",0
"2018-07-17-1555_2",1
"2018-07-17-1555_20",0
"2018-07-17-1555_21",1
"2018-07-17-1555_22",1
"2018-07-17-1555_23",1
"2018-07-17-1555_24",0
"2018-07-17-1555_25",1
"2018-07-17-1555_26",0
"2018-07-17-1555_27",1
"2018-07-17-1555_28",0
"2018-07-17-1555_29",1
"2018-07-17-1555_3",0
"2018-07-17-1555_30",0
"2018-07-17-1555_31",0
"2018-07-17-1555_32",1
"2018-07-17-1555_33",0
"2018-07-17-1555_34",0
"2018-07-17-1555_35",0
"2018-07-17-1555_36",0
"2018-07-17-1555_4",0
"2018-07-17-1555_5",1
"2018-07-17-1555_6",1
"2018-07-17-1555_7",0
"2018-07-17-1555_8",0
"2018-07-17-1555_9",0
"2018-07-17-1600_1",0
"2018-07-17-1600_10",0
"2018-07-17-1600_11",0
"2018-07-17-1600_12",0
"2018-07-17-1600_13",0
"2018-07-17-1600_14",0
"2018-07-17-1600_15",0
"2018-07-17-1600_16",0
"2018-07-17-1600_17",0
"2018-07-17-1600_18",0
"2018-07-17-1600_19",0
"2018-07-17-1600_2",1
"2018-07-17-1600_20",0
"2018-07-17-1600_21",1
"2018-07-17-1600_22",1
"2018-07-17-1600_23",1
"2018-07-17-1600_24",0
"2018-07-17-1600_25",1
"2018-07-17-1600_26",0
"2018-07-17-1600_27",1
"2018-07-17-1600_28",0
"2018-07-17-1600_29",1
"2018-07-17-1600_3",0
"2018-07-17-1600_30",0
"2018-07-17-1600_31",0
"2018-07-17-1600_32",1
"2018-07-17-1600_33",0
"2018-07-17-1600_34",1
"2018-07-17-1600_35",0
"2018-07-17-1600_36",0
"2018-07-17-1600_4",0
"2018-07-17-1600_5",1
"2018-07-17-1600_6",1
"2018-07-17-1600_7",0
"2018-07-17-1600_8",1
"2018-07-17-1600_9",0
"2018-07-17-1605_1",1
"2018-07-17-1605_10",0
"2018-07-17-1605_11",0
"2018-07-17-1605_12",0
"2018-07-17-1605_13",0
"2018-07-17-1605_14",0
"2018-07-17-1605_15",0
"2018-07-17-1605_16",0
"2018-07-17-1605_17",0
"2018-07-17-1605_18",0
"2018-07-17-1605_19",0
"2018-07-17-1605_2",1
"2018-07-17-1605_20",0
"2018-07-17-1605_21",0
"2018-07-17-1605_22",1
"2018-07-17-1605_23",1
"2018-07-17-1605_24",0
"2018-07-17-1605_25",1
"2018-07-17-1605_26",0
"2018-07-17-1605_27",1
"2018-07-17-1605_28",0
"2018-07-17-1605_29",1
"2018-07-17-1605_3",0
"2018-07-17-1605_30",0
"2018-07-17-1605_31",0
"2018-07-17-1605_32",1
"2018-07-17-1605_33",0
"2018-07-17-1605_34",1
"2018-07-17-1605_35",0
"2018-07-17-1605_36",0
"2018-07-17-1605_4",0
"2018-07-17-1605_5",1
"2018-07-17-1605_6",1
"2018-07-17-1605_7",0
"2018-07-17-1605_8",1
"2018-07-17-1605_9",0
"2018-07-17-1610_1",1
"2018-07-17-1610_10",0
"2018-07-17-1610_11",0
"2018-07-17-1610_12",0
"2018-07-17-1610_13",0
"2018-07-17-1610_14",0
"2018-07-17-1610_15",0
"2018-07-17-1610_16",0
"2018-07-17-1610_17",0
"2018-07-17-1610_18",0
"2018-07-17-1610_19",0
"2018-07-17-1610_2",1
"2018-07-17-1610_20",0
"2018-07-17-1610_21",1
"2018-07-17-1610_22",1
"2018-07-17-1610_23",1
"2018-07-17-1610_24",0
"2018-07-17-1610_25",0
"2018-07-17-1610_26",0
"2018-07-17-1610_27",1
"2018-07-17-1610_28",0
"2018-07-17-1610_29",1
"2018-07-17-1610_3",0
"2018-07-17-1610_30",0
"2018-07-17-1610_31",0
"2018-07-17-1610_32",0
"2018-07-17-1610_33",0
"2018-07-17-1610_34",1
"2018-07-17-1610_35",0
"2018-07-17-1610_36",0
"2018-07-17-1610_4",0
"2018-07-17-1610_5",1
"2018-07-17-1610_6",1
"2018-07-17-1610_7",0
"2018-07-17-1610_8",1
"2018-07-17-1610_9",0
"2018-07-17-1615_1",1
"2018-07-17-1615_10",0
"2018-07-17-1615_11",0
"2018-07-17-1615_12",0
"2018-07-17-1615_13",0
"2018-07-17-1615_14",0
"2018-07-17-1615_15",0
"2018-07-17-1615_16",0
"2018-07-17-1615_17",0
"2018-07-17-1615_18",0
"2018-07-17-1615_19",0
"2018-07-17-1615_2",1
"2018-07-17-1615_20",0
"2018-07-17-1615_21",1
"2018-07-17-1615_22",1
"2018-07-17-1615_23",1
"2018-07-17-1615_24",0
"2018-07-17-1615_25",1
"2018-07-17-1615_26",0
"2018-07-17-1615_27",1
"2018-07-17-1615_28",0
"2018-07-17-1615_29",1
"2018-07-17-1615_3",0
"2018-07-17-1615_30",0
"2018-07-17-1615_31",0
"2018-07-17-1615_32",0
"2018-07-17-1615_33",0
"2018-07-17-1615_34",1
"2018-07-17-1615_35",0
"2018-07-17-1615_36",0
"2018-07-17-1615_4",0
"2018-07-17-1615_5",1
"2018-07-17-1615_6",1
"2018-07-17-1615_7",0
"2018-07-17-1615_8",0
"2018-07-17-1615_9",0
"2018-07-17-1620_1",1
"2018-07-17-1620_10",0
"2018-07-17-1620_11",0
"2018-07-17-1620_12",0
"2018-07-17-1620_13",0
"2018-07-17-1620_14",0
"2018-07-17-1620_15",0
"2018-07-17-1620_16",0
"2018-07-17-1620_17",0
"2018-07-17-1620_18",0
"2018-07-17-1620_19",0
"2018-07-17-1620_2",1
"2018-07-17-1620_20",0
"2018-07-17-1620_21",1
"2018-07-17-1620_22",1
"2018-07-17-1620_23",1
"2018-07-17-1620_24",0
"2018-07-17-1620_25",1
"2018-07-17-1620_26",0
"2018-07-17-1620_27",1
"2018-07-17-1620_28",0
"2018-07-17-1620_29",1
"2018-07-17-1620_3",0
"2018-07-17-1620_30",0
"2018-07-17-1620_31",0
"2018-07-17-1620_32",0
"2018-07-17-1620_33",0
"2018-07-17-1620_34",0
"2018-07-17-1620_35",0
"2018-07-17-1620_36",0
"2018-07-17-1620_4",0
"2018-07-17-1620_5",1
"2018-07-17-1620_6",1
"2018-07-17-1620_7",0
"2018-07-17-1620_8",1
"2018-07-17-1620_9",0
"2018-07-17-1625_1",1
"2018-07-17-1625_10",0
"2018-07-17-1625_11",0
"2018-07-17-1625_12",0
"2018-07-17-1625_13",0
"2018-07-17-1625_14",0
"2018-07-17-1625_15",0
"2018-07-17-1625_16",0
"2018-07-17-1625_17",0
"2018-07-17-1625_18",0
"2018-07-17-1625_19",0
"2018-07-17-1625_2",0
"2018-07-17-1625_20",0
"2018-07-17-1625_21",1
"2018-07-17-1625_22",1
"2018-07-17-1625_23",1
"2018-07-17-1625_24",0
"2018-07-17-1625_25",1
"2018-07-17-1625_26",0
"2018-07-17-1625_27",1
"2018-07-17-1625_28",0
"2018-07-17-1625_29",1
"2018-07-17-1625_3",0
"2018-07-17-1625_30",0
"2018-07-17-1625_31",1
"2018-07-17-1625_32",0
"2018-07-17-1625_33",0
"2018-07-17-1625_34",1
"2018-07-17-1625_35",0
"2018-07-17-1625_36",0
"2018-07-17-1625_4",0
"2018-07-17-1625_5",0
"2018-07-17-1625_6",1
"2018-07-17-1625_7",0
"2018-07-17-1625_8",1
"2018-07-17-1625_9",0
"2018-07-17-1630_1",1
"2018-07-17-1630_10",0
"2018-07-17-1630_11",0
"2018-07-17-1630_12",0
"2018-07-17-1630_13",0
"2018-07-17-1630_14",0
"2018-07-17-1630_15",0
"2018-07-17-1630_16",0
"2018-07-17-1630_17",0
"2018-07-17-1630_18",0
"2018-07-17-1630_19",0
"2018-07-17-1630_2",1
"2018-07-17-1630_20",0
"2018-07-17-1630_21",1
"2018-07-17-1630_22",0
"2018-07-17-1630_23",1
"2018-07-17-1630_24",0
"2018-07-17-1630_25",1
"2018-07-17-1630_26",0
"2018-07-17-1630_27",1
"2018-07-17-1630_28",0
"2018-07-17-1630_29",1
"2018-07-17-1630_3",0
"2018-07-17-1630_30",0
"2018-07-17-1630_31",0
"2018-07-17-1630_32",0
"2018-07-17-1630_33",0
"2018-07-17-1630_34",1
"2018-07-17-1630_35",0
"2018-07-17-1630_36",0
"2018-07-17-1630_4",0
"2018-07-17-1630_5",1
"2018-07-17-1630_6",1
"2018-07-17-1630_7",0
"2018-07-17-1630_8",0
"2018-07-17-1630_9",0
"2018-07-17-1635_1",1
"2018-07-17-1635_10",0
"2018-07-17-1635_11",0
"2018-07-17-1635_12",0
"2018-07-17-1635_13",0
"2018-07-17-1635_14",0
"2018-07-17-1635_15",0
"2018-07-17-1635_16",0
"2018-07-17-1635_17",0
"2018-07-17-1635_18",0
"2018-07-17-1635_19",0
"2018-07-17-1635_2",1
"2018-07-17-1635_20",0
"2018-07-17-1635_21",1
"2018-07-17-1635_22",1
"2018-07-17-1635_23",1
"2018-07-17-1635_24",0
"2018-07-17-1635_25",0
"2018-07-17-1635_26",0
"2018-07-17-1635_27",1
"2018-07-17-1635_28",0
"2018-07-17-1635_29",1
"2018-07-17-1635_3",0
"2018-07-17-1635_30",0
"2018-07-17-1635_31",1
"2018-07-17-1635_32",0
"2018-07-17-1635_33",0
"2018-07-17-1635_34",1
"2018-07-17-1635_35",0
"2018-07-17-1635_36",0
"2018-07-17-1635_4",0
"2018-07-17-1635_5",1
"2018-07-17-1635_6",0
"2018-07-17-1635_7",0
"2018-07-17-1635_8",1
"2018-07-17-1635_9",0
"2018-07-17-1640_1",1
"2018-07-17-1640_10",0
"2018-07-17-1640_11",0
"2018-07-17-1640_12",0
"2018-07-17-1640_13",0
"2018-07-17-1640_14",0
"2018-07-17-1640_15",0
"2018-07-17-1640_16",0
"2018-07-17-1640_17",0
"2018-07-17-1640_18",0
"2018-07-17-1640_19",0
"2018-07-17-1640_2",1
"2018-07-17-1640_20",0
"2018-07-17-1640_21",1
"2018-07-17-1640_22",0
"2018-07-17-1640_23",1
"2018-07-17-1640_24",0
"2018-07-17-1640_25",0
"2018-07-17-1640_26",0
"2018-07-17-1640_27",1
"2018-07-17-1640_28",0
"2018-07-17-1640_29",1
"2018-07-17-1640_3",0
"2018-07-17-1640_30",0
"2018-07-17-1640_31",1
"2018-07-17-1640_32",0
"2018-07-17-1640_33",0
"2018-07-17-1640_34",0
"2018-07-17-1640_35",0
"2018-07-17-1640_36",0
"2018-07-17-1640_4",0
"2018-07-17-1640_5",1
"2018-07-17-1640_6",1
"2018-07-17-1640_7",0
"2018-07-17-1640_8",1
"2018-07-17-1640_9",0
"2018-07-17-1645_1",1
"2018-07-17-1645_10",0
"2018-07-17-1645_11",0
"2018-07-17-1645_12",0
"2018-07-17-1645_13",0
"2018-07-17-1645_14",0
"2018-07-17-1645_15",0
"2018-07-17-1645_16",0
"2018-07-17-1645_17",0
"2018-07-17-1645_18",0
"2018-07-17-1645_19",0
"2018-07-17-1645_2",0
"2018-07-17-1645_20",0
"2018-07-17-1645_21",1
"2018-07-17-1645_22",1
"2018-07-17-1645_23",1
"2018-07-17-1645_24",0
"2018-07-17-1645_25",0
"2018-07-17-1645_26",0
"2018-07-17-1645_27",1
"2018-07-17-1645_28",0
"2018-07-17-1645_29",0
"2018-07-17-1645_3",0
"2018-07-17-1645_30",0
"2018-07-17-1645_31",1
"2018-07-17-1645_32",0
"2018-07-17-1645_33",0
"2018-07-17-1645_34",1
"2018-07-17-1645_35",0
"2018-07-17-1645_36",0
"2018-07-17-1645_4",0
"2018-07-17-1645_5",1
"2018-07-17-1645_6",1
"2018-07-17-1645_7",0
"2018-07-17-1645_8",1
"2018-07-17-1645_9",0
"2018-07-17-1650_1",0
"2018-07-17-1650_10",0
"2018-07-17-1650_11",0
"2018-07-17-1650_12",0
"2018-07-17-1650_13",0
"2018-07-17-1650_14",0
"2018-07-17-1650_15",0
"2018-07-17-1650_16",0
"2018-07-17-1650_17",0
"2018-07-17-1650_18",0
"2018-07-17-1650_19",0
"2018-07-17-1650_2",1
"2018-07-17-1650_20",0
"2018-07-17-1650_21",1
"2018-07-17-1650_22",1
"2018-07-17-1650_23",1
"2018-07-17-1650_24",0
"2018-07-17-1650_25",0
"2018-07-17-1650_26",0
"2018-07-17-1650_27",0
"2018-07-17-1650_28",0
"2018-07-17-1650_29",0
"2018-07-17-1650_3",0
"2018-07-17-1650_30",0
"2018-07-17-1650_31",1
"2018-07-17-1650_32",0
"2018-07-17-1650_33",0
"2018-07-17-1650_34",1
"2018-07-17-1650_35",0
"2018-07-17-1650_36",0
"2018-07-17-1650_4",0
"2018-07-17-1650_5",1
"2018-07-17-1650_6",1
"2018-07-17-1650_7",0
"2018-07-17-1650_8",0
"2018-07-17-1650_9",0
"2018-07-17-1655_1",0
"2018-07-17-1655_10",1
"2018-07-17-1655_11",0
"2018-07-17-1655_12",0
"2018-07-17-1655_13",0
"2018-07-17-1655_14",0
"2018-07-17-1655_15",0
"2018-07-17-1655_16",0
"2018-07-17-1655_17",0
"2018-07-17-1655_18",0
"2018-07-17-1655_19",0
"2018-07-17-1655_2",1
"2018-07-17-1655_20",0
"2018-07-17-1655_21",1
"2018-07-17-1655_22",0
"2018-07-17-1655_23",1
"2018-07-17-1655_24",0
"2018-07-17-1655_25",0
"2018-07-17-1655_26",0
"2018-07-17-1655_27",1
"2018-07-17-1655_28",0
"2018-07-17-1655_29",0
"2018-07-17-1655_3",0
"2018-07-17-1655_30",0
"2018-07-17-1655_31",0
"2018-07-17-1655_32",0
"2018-07-17-1655_33",0
"2018-07-17-1655_34",1
"2018-07-17-1655_35",0
"2018-07-17-1655_36",0
"2018-07-17-1655_4",0
"2018-07-17-1655_5",0
"2018-07-17-1655_6",1
"2018-07-17-1655_7",0
"2018-07-17-1655_8",1
"2018-07-17-1655_9",0
"2018-07-17-1700_1",1
"2018-07-17-1700_10",0
"2018-07-17-1700_11",0
"2018-07-17-1700_12",0
"2018-07-17-1700_13",0
"2018-07-17-1700_14",0
"2018-07-17-1700_15",0
"2018-07-17-1700_16",0
"2018-07-17-1700_17",0
"2018-07-17-1700_18",0
"2018-07-17-1700_19",0
"2018-07-17-1700_2",1
"2018-07-17-1700_20",0
"2018-07-17-1700_21",1
"2018-07-17-1700_22",1
"2018-07-17-1700_23",1
"2018-07-17-1700_24",0
"2018-07-17-1700_25",0
"2018-07-17-1700_26",0
"2018-07-17-1700_27",1
"2018-07-17-1700_28",0
"2018-07-17-1700_29",0
"2018-07-17-1700_3",0
"2018-07-17-1700_30",0
"2018-07-17-1700_31",1
"2018-07-17-1700_32",0
"2018-07-17-1700_33",0
"2018-07-17-1700_34",1
"2018-07-17-1700_35",0
"2018-07-17-1700_36",0
"2018-07-17-1700_4",0
"2018-07-17-1700_5",1
"2018-07-17-1700_6",1
"2018-07-17-1700_7",0
"2018-07-17-1700_8",1
"2018-07-17-1700_9",0
"2018-07-17-1705_1",1
"2018-07-17-1705_10",0
"2018-07-17-1705_11",0
"2018-07-17-1705_12",0
"2018-07-17-1705_13",0
"2018-07-17-1705_14",0
"2018-07-17-1705_15",0
"2018-07-17-1705_16",0
"2018-07-17-1705_17",0
"2018-07-17-1705_18",0
"2018-07-17-1705_19",0
"2018-07-17-1705_2",1
"2018-07-17-1705_20",0
"2018-07-17-1705_21",1
"2018-07-17-1705_22",1
"2018-07-17-1705_23",0
"2018-07-17-1705_24",0
"2018-07-17-1705_25",0
"2018-07-17-1705_26",0
"2018-07-17-1705_27",1
"2018-07-17-1705_28",0
"2018-07-17-1705_29",0
"2018-07-17-1705_3",0
"2018-07-17-1705_30",0
"2018-07-17-1705_31",1
"2018-07-17-1705_32",0
"2018-07-17-1705_33",0
"2018-07-17-1705_34",1
"2018-07-17-1705_35",0
"2018-07-17-1705_36",0
"2018-07-17-1705_4",0
"2018-07-17-1705_5",1
"2018-07-17-1705_6",1
"2018-07-17-1705_7",0
"2018-07-17-1705_8",1
"2018-07-17-1705_9",0
"2018-07-17-1710_1",1
"2018-07-17-1710_10",0
"2018-07-17-1710_11",0
"2018-07-17-1710_12",0
"2018-07-17-1710_13",0
"2018-07-17-1710_14",0
"2018-07-17-1710_15",0
"2018-07-17-1710_16",0
"2018-07-17-1710_17",0
"2018-07-17-1710_18",0
"2018-07-17-1710_19",0
"2018-07-17-1710_2",0
"2018-07-17-1710_20",0
"2018-07-17-1710_21",1
"2018-07-17-1710_22",1
"2018-07-17-1710_23",0
"2018-07-17-1710_24",0
"2018-07-17-1710_25",0
"2018-07-17-1710_26",0
"2018-07-17-1710_27",1
"2018-07-17-1710_28",0
"2018-07-17-1710_29",0
"2018-07-17-1710_3",0
"2018-07-17-1710_30",0
"2018-07-17-1710_31",1
"2018-07-17-1710_32",0
"2018-07-17-1710_33",0
"2018-07-17-1710_34",1
"2018-07-17-1710_35",0
"2018-07-17-1710_36",0
"2018-07-17-1710_4",0
"2018-07-17-1710_5",1
"2018-07-17-1710_6",1
"2018-07-17-1710_7",0
"2018-07-17-1710_8",1
"2018-07-17-1710_9",0
